id,student_id,electrodo_id,banda_id,cluster_id,tau,m,Dg,LLE,H,S
1,1,1,1,1,6,5,5.990497,9.799979,0.705875,0.023163
2,1,1,2,1,6,4,3.132298,14.353509,0.709969,0.127012
3,1,1,3,1,9,4,3.333498,25.633365,0.780494,0.181871
4,1,1,4,1,8,4,4.655723,18.213365,0.842476,0.107879
5,1,1,5,1,6,4,3.104043,4.870144,0.750749,0.107848
6,1,2,1,1,8,4,2.210280,22.868578,0.780697,0.124964
7,1,2,2,1,7,4,3.837735,19.050665,0.719408,0.180957
8,1,2,3,1,7,4,4.150471,17.421943,0.761408,0.151427
9,1,2,4,1,6,4,7.363488,6.557726,0.787607,0.082969
10,1,2,5,1,7,4,4.955761,-8.847594,0.735227,0.103186
11,1,3,1,1,13,4,3.913029,-15.859049,0.813676,0.492903
12,1,3,2,1,11,5,2.934209,28.671862,0.829497,0.363487
13,1,3,3,1,16,10,3.202980,16.904851,0.818809,0.295056
14,1,3,4,1,17,5,3.328847,23.581416,0.821630,0.484342
15,1,3,5,1,17,6,3.958457,20.042031,0.838272,0.387768
16,1,4,1,1,8,4,3.486494,20.041763,0.792007,0.101764
17,1,4,2,1,7,4,4.750205,17.478970,0.790597,0.152254
18,1,4,3,1,8,4,5.678591,21.548191,0.727112,0.102702
19,1,4,4,1,6,4,3.424435,9.835893,0.769721,0.116168
20,1,4,5,1,7,4,3.879016,0.161579,0.731513,0.086524
21,1,5,1,1,8,5,1.616095,23.008948,0.724671,0.028692
22,1,5,2,1,5,4,2.771383,9.747499,0.722077,0.173360
23,1,5,3,1,7,4,2.138974,18.027620,0.758523,0.128731
24,1,5,4,1,6,4,3.912803,10.823239,0.771554,0.194704
25,1,5,5,1,6,4,3.888903,4.758401,0.721909,0.070268
26,1,1,1,2,5,5,1.833928,12.815197,0.821368,0.035273
27,1,1,2,2,4,4,2.644097,15.527473,0.830444,0.119796
28,1,1,3,2,6,4,3.342078,4.618109,0.818262,0.039103
29,1,1,4,2,4,4,2.665834,-4.527618,0.925738,0.122892
30,1,1,5,2,6,4,2.587101,-3.462330,0.801616,0.015675
31,1,2,1,2,6,3,5.663189,0.089550,0.839348,0.143136
32,1,2,2,2,5,3,1.985324,-9.916609,0.882782,0.207985
33,1,2,3,2,6,4,1.953392,-4.430860,0.883688,0.044297
34,1,2,4,2,6,4,9.155401,-6.603971,0.749836,-0.000817
35,1,2,5,2,6,3,4.240470,-6.068275,0.846580,0.144566
36,1,3,1,2,5,4,2.565370,-15.859141,0.909709,0.289517
37,1,3,2,2,13,3,2.339697,2.401766,0.920609,0.263388
38,1,3,3,2,5,4,2.293066,5.442570,0.909006,0.328973
39,1,3,4,2,9,4,2.870736,3.452216,0.915608,0.323736
40,1,3,5,2,5,4,4.011016,-3.468996,0.911563,0.258493
41,1,4,1,2,6,4,6.730610,0.759445,0.822650,0.053845
42,1,4,2,2,5,4,3.944029,-6.053939,0.821436,0.037727
43,1,4,3,2,4,4,2.024941,-5.586803,0.784417,-0.001755
44,1,4,4,2,7,5,2.751342,-4.545492,0.913910,-0.039638
45,1,4,5,2,4,4,7.987329,-2.990151,0.833655,0.015360
46,1,5,1,2,5,4,2.657392,13.403715,0.817306,0.084629
47,1,5,2,2,5,4,2.882508,10.244877,0.810790,0.066981
48,1,5,3,2,4,4,1.739773,2.547071,0.808027,0.096157
49,1,5,4,2,6,4,4.424346,-3.396037,0.889287,0.086342
50,1,5,5,2,4,4,2.870605,-5.345825,0.897760,0.052603
51,1,1,1,3,6,10,3.061710,1.991011,0.808109,-0.016819
52,1,1,2,3,5,8,2.190319,1.520881,0.819597,0.026800
53,1,1,3,3,5,5,0.000000,4.379267,0.786556,0.008150
54,1,1,4,3,5,4,7.356690,2.221521,0.766685,0.081924
55,1,1,5,3,7,4,2.067954,-12.009911,0.852438,0.072539
56,1,2,1,3,5,4,1.943896,3.458899,0.846785,0.113893
57,1,2,2,3,5,4,4.822924,2.069079,0.692424,0.063706
58,1,2,3,3,6,4,2.336226,7.996005,0.742526,0.070832
59,1,2,4,3,6,4,4.623371,-2.413168,0.801932,0.090763
60,1,2,5,3,6,4,3.415032,-3.602425,0.760642,0.049959
61,1,3,1,3,6,4,4.348711,-4.943198,0.905163,0.061080
62,1,3,2,3,8,4,3.761757,9.620753,0.776600,0.134626
63,1,3,3,3,9,4,3.080950,20.449878,0.853305,0.123369
64,1,3,4,3,5,4,1.553768,4.091608,0.778943,0.067021
65,1,3,5,3,7,4,1.265852,-8.076401,0.753685,0.029292
66,1,4,1,3,6,4,2.937616,1.825072,0.871241,0.154929
67,1,4,2,3,8,4,2.741743,18.263763,0.848958,0.130609
68,1,4,3,3,5,4,3.004000,1.740853,0.777863,0.084597
69,1,4,4,3,6,4,3.183142,-3.251248,0.806173,0.034219
70,1,4,5,3,5,4,3.595391,-3.256248,0.855891,0.080061
71,1,5,1,3,5,10,3.259107,-0.318024,0.819951,-0.012656
72,1,5,2,3,5,4,2.985309,5.582529,0.775713,0.124735
73,1,5,3,3,7,4,3.895505,12.935454,0.854292,0.018922
74,1,5,4,3,6,4,3.073781,-3.451344,0.753731,0.088141
75,1,5,5,3,7,4,3.044319,-7.445424,0.775536,0.042153
76,2,1,1,1,10,6,3.666798,27.010517,0.795720,0.052921
77,2,1,2,1,7,5,3.062449,16.215190,0.814009,0.091330
78,2,1,3,1,7,4,3.334514,18.280606,0.789371,0.215166
79,2,1,4,1,11,4,2.573368,25.076254,0.739541,0.112433
80,2,1,5,1,7,4,3.496495,12.715438,0.815704,0.155614
81,2,2,1,1,9,4,7.221724,25.173304,0.773228,0.083849
82,2,2,2,1,6,4,3.644045,11.618447,0.721041,0.131620
83,2,2,3,1,6,4,4.462150,10.650133,0.765367,0.099720
84,2,2,4,1,7,4,2.580732,11.289096,0.795505,0.091803
85,2,2,5,1,8,4,5.118358,-11.004541,0.816596,0.096352
86,2,3,1,1,10,5,2.527864,25.384629,0.707446,0.050063
87,2,3,2,1,8,4,3.462499,24.305569,0.860210,0.302774
88,2,3,3,1,7,4,3.395002,17.307728,0.819401,0.116717
89,2,3,4,1,8,4,4.202645,22.892237,0.761671,0.157789
90,2,3,5,1,10,4,3.904133,3.329211,0.771975,0.103132
91,2,4,1,1,9,4,4.058879,26.462208,0.757689,0.181966
92,2,4,2,1,10,4,4.193351,30.475591,0.802844,0.355571
93,2,4,3,1,10,4,3.703095,28.654024,0.753054,0.279197
94,2,4,4,1,7,4,3.742632,13.945223,0.771194,0.120769
95,2,4,5,1,6,4,3.149508,4.058464,0.788719,0.106989
96,2,5,1,1,7,4,4.748534,18.869752,0.844284,0.249675
97,2,5,2,1,7,4,4.667453,19.427240,0.754230,0.184987
98,2,5,3,1,13,4,3.502535,27.026978,0.857438,0.162693
99,2,5,4,1,8,4,3.334958,21.983981,0.768008,0.156951
100,2,5,5,1,7,5,2.616597,7.333115,0.795345,0.024837
101,2,1,1,2,6,5,2.941209,9.908471,0.741185,0.044062
102,2,1,2,2,5,4,2.564478,5.769773,0.783749,0.039150
103,2,1,3,2,5,4,4.326470,1.165422,0.869542,0.006667
104,2,1,4,2,5,4,3.723675,-3.538859,0.812309,0.014781
105,2,1,5,2,6,5,3.396697,-6.019547,0.881507,-0.010968
106,2,2,1,2,6,4,3.166497,3.409288,0.885684,0.070564
107,2,2,2,2,10,5,-0.000000,2.789020,0.807234,-0.028339
108,2,2,3,2,4,4,8.619627,-0.354505,0.790037,0.043714
109,2,2,4,2,5,3,2.676042,-5.378922,0.770292,0.169190
110,2,2,5,2,6,4,1.803485,-2.944059,0.781956,0.017604
111,2,3,1,2,5,4,13.876232,3.615178,0.761020,0.040092
112,2,3,2,2,5,5,6.107899,3.849725,0.855767,0.071077
113,2,3,3,2,6,4,3.059461,7.592710,0.835366,0.084818
114,2,3,4,2,5,4,2.196490,-2.645260,0.762438,0.025458
115,2,3,5,2,4,5,3.766572,-4.471989,0.802509,-0.018868
116,2,4,1,2,6,4,4.633700,11.861925,0.855554,0.285949
117,2,4,2,2,9,4,3.558570,5.155602,0.857206,0.077263
118,2,4,3,2,7,4,6.180310,18.101553,0.771926,0.096114
119,2,4,4,2,4,4,0.499208,-4.616741,0.895022,0.021348
120,2,4,5,2,5,4,3.068914,-1.642195,0.872111,0.040453
121,2,5,1,2,7,4,3.159952,14.711123,0.813922,0.231947
122,2,5,2,2,5,4,3.112907,1.074962,0.816258,0.131410
123,2,5,3,2,5,4,5.751496,1.222861,0.860547,0.040969
124,2,5,4,2,7,4,0.000000,-9.282703,0.746421,-0.003884
125,2,5,5,2,7,4,0.852915,-6.271094,0.865985,0.027949
126,2,1,1,3,7,4,2.918862,20.824046,0.751739,0.261148
127,2,1,2,3,5,5,7.650289,4.277364,0.806809,0.042419
128,2,1,3,3,9,4,3.346336,21.151367,0.758476,0.128528
129,2,1,4,3,6,4,3.367183,4.256651,0.712563,0.115696
130,2,1,5,3,9,4,3.106316,-12.015410,0.812758,0.047284
131,2,2,1,3,6,4,3.487835,10.893957,0.797138,0.156754
132,2,2,2,3,7,4,3.301694,11.774833,0.862865,0.027200
133,2,2,3,3,10,4,5.182362,25.625902,0.763586,0.049768
134,2,2,4,3,5,4,2.408791,-2.557958,0.806242,0.053764
135,2,2,5,3,11,4,6.395668,-24.873408,0.803882,0.029778
136,2,3,1,3,9,4,2.892945,13.245998,0.923851,0.096877
137,2,3,2,3,5,4,4.605838,8.004719,0.816000,0.153033
138,2,3,3,3,14,5,4.888616,24.481525,0.734786,0.035205
139,2,3,4,3,8,4,2.018947,2.122379,0.881117,0.048315
140,2,3,5,3,7,4,1.932599,-4.720392,0.789333,0.083396
141,2,4,1,3,7,4,4.922311,13.522933,0.819871,0.061972
142,2,4,2,3,6,4,2.661086,9.455806,0.828387,0.110427
143,2,4,3,3,10,4,5.393615,17.475380,0.836776,0.077408
144,2,4,4,3,6,4,7.557246,-1.541995,0.786071,0.036174
145,2,4,5,3,5,4,3.869020,-3.072778,0.845824,0.064487
146,2,5,1,3,6,4,4.247662,10.734065,0.809626,0.286775
147,2,5,2,3,10,4,3.255104,22.419201,0.783491,0.351463
148,2,5,3,3,10,4,4.396698,19.684689,0.788170,0.151505
149,2,5,4,3,5,5,3.269106,3.077568,0.806241,0.030396
150,2,5,5,3,7,4,5.670245,-8.479232,0.739502,0.064456
151,3,1,1,1,13,4,3.180485,29.352096,0.750807,0.570765
152,3,1,2,1,9,4,3.627160,25.668002,0.765758,0.210797
153,3,1,3,1,10,5,3.367829,28.213405,0.749175,0.130244
154,3,1,4,1,10,5,3.344238,26.036585,0.775168,0.153513
155,3,1,5,1,10,5,3.303140,26.806731,0.787321,0.169641
156,3,2,1,1,10,8,2.717166,20.463405,0.811219,0.147548
157,3,2,2,1,10,10,3.085358,20.163445,0.772580,0.140058
158,3,2,3,1,10,10,3.297999,16.646455,0.759280,0.142570
159,3,2,4,1,7,4,3.360439,18.796784,0.806335,0.159058
160,3,2,5,1,10,5,3.967562,26.535637,0.788339,0.298589
161,3,3,1,1,10,7,2.964060,24.457025,0.817962,0.181299
162,3,3,2,1,10,10,3.114274,18.895198,0.788023,0.142323
163,3,3,3,1,10,10,3.269749,20.245368,0.809599,0.142009
164,3,3,4,1,10,6,3.618011,23.547666,0.799118,0.163612
165,3,3,5,1,12,5,3.526876,26.753131,0.792144,0.183792
166,3,4,1,1,11,10,2.524255,27.874546,0.823442,0.267049
167,3,4,2,1,9,10,2.445129,20.431188,0.777939,0.228919
168,3,4,3,1,10,10,2.840790,29.764996,0.788146,0.258413
169,3,4,4,1,9,10,3.923977,23.782176,0.784530,0.266642
170,3,4,5,1,10,5,3.496935,29.422832,0.808061,0.255154
171,3,5,1,1,10,4,3.803800,29.723509,0.762400,0.563086
172,3,5,2,1,10,5,3.744698,26.829326,0.782934,0.146878
173,3,5,3,1,10,6,3.364326,27.687546,0.756617,0.128583
174,3,5,4,1,10,7,3.736131,22.337706,0.787384,0.146371
175,3,5,5,1,10,7,3.456916,21.802184,0.797342,0.159261
176,3,1,1,2,6,4,4.305139,12.113693,0.769860,0.233942
177,3,1,2,2,6,4,4.159986,7.538799,0.775695,0.278260
178,3,1,3,2,10,6,3.744142,32.989484,0.778661,0.339311
179,3,1,4,2,11,7,3.840829,28.868031,0.776260,0.073080
180,3,1,5,2,11,5,3.150017,29.240506,0.760570,0.545375
181,3,2,1,2,10,10,1.854720,21.967029,0.774628,0.144872
182,3,2,2,2,12,6,2.100275,30.036053,0.792429,0.174133
183,3,2,3,2,10,9,1.529481,19.666920,0.777311,0.220420
184,3,2,4,2,11,6,2.788417,8.954193,0.789137,0.219201
185,3,2,5,2,11,5,3.268960,29.497358,0.791292,0.516556
186,3,3,1,2,10,8,3.046282,26.234588,0.771527,0.141425
187,3,3,2,2,11,7,2.866851,28.685179,0.806962,0.079312
188,3,3,3,2,10,5,2.788188,26.857562,0.775402,0.513379
189,3,3,4,2,11,7,2.327557,24.083920,0.784515,0.146856
190,3,3,5,2,10,7,2.075047,22.944868,0.781047,0.159259
191,3,4,1,2,12,7,2.165293,21.722995,0.800881,0.177002
192,3,4,2,2,11,7,2.064244,31.499542,0.795705,0.140684
193,3,4,3,2,12,7,1.829502,43.359643,0.817856,0.219947
194,3,4,4,2,12,7,2.391260,38.653133,0.781566,0.231347
195,3,4,5,2,12,7,2.276584,27.403119,0.790780,0.107709
196,3,5,1,2,6,7,6.032494,7.675873,0.777303,0.092765
197,3,5,2,2,10,4,3.419943,29.401662,0.781729,0.661675
198,3,5,3,2,10,10,1.795186,23.819789,0.778044,0.148687
199,3,5,4,2,10,7,2.210608,26.732223,0.776111,0.131141
200,3,5,5,2,11,7,3.143901,32.304535,0.782241,0.132078
201,3,1,1,3,8,4,3.821140,21.245646,0.790844,0.056145
202,3,1,2,3,6,4,4.304337,9.881737,0.744879,0.081350
203,3,1,3,3,16,4,2.583876,22.706832,0.805150,0.530800
204,3,1,4,3,15,4,2.915981,22.719068,0.798912,0.554701
205,3,1,5,3,9,5,6.688217,11.789726,0.849432,0.106716
206,3,2,1,3,17,9,2.436459,25.247637,0.834111,0.034441
207,3,2,2,3,14,4,2.855055,32.641165,0.778759,0.633025
208,3,2,3,3,17,4,2.172551,27.431559,0.786077,0.645147
209,3,2,4,3,16,4,3.592275,20.510676,0.778655,0.512795
210,3,2,5,3,9,4,2.933009,1.560599,0.824453,0.242381
211,3,3,1,3,19,8,2.476989,24.562478,0.848568,0.150314
212,3,3,2,3,15,7,2.570245,36.687941,0.796418,0.210207
213,3,3,3,3,19,5,3.259214,26.211882,0.771791,0.337385
214,3,3,4,3,16,4,3.179511,27.509594,0.810675,0.604977
215,3,3,5,3,18,4,2.687436,21.105739,0.826719,0.344099
216,3,4,1,3,17,9,3.772740,18.700925,0.875307,0.032930
217,3,4,2,3,14,5,2.778416,31.421413,0.788953,0.537759
218,3,4,3,3,17,9,2.895830,24.906754,0.783059,0.038936
219,3,4,4,3,14,4,3.148844,24.180405,0.773749,0.423726
220,3,4,5,3,11,5,5.664817,19.016790,0.815241,0.255752
221,3,5,1,3,11,5,2.509017,20.740832,0.806954,0.091133
222,3,5,2,3,11,4,4.052363,27.930875,0.748014,0.118289
223,3,5,3,3,18,4,3.136202,25.286970,0.791776,0.680378
224,3,5,4,3,15,4,3.341983,24.698105,0.785853,0.570668
225,3,5,5,3,10,5,5.323333,16.363972,0.864120,0.184297
226,4,1,1,1,15,10,2.843076,28.779867,0.737305,0.248188
227,4,1,2,1,10,10,3.280214,19.893671,0.738777,0.151588
228,4,1,3,1,11,9,4.350255,19.284033,0.731241,0.224880
229,4,1,4,1,9,6,4.363666,18.643700,0.719616,0.103951
230,4,1,5,1,8,4,2.496370,19.588167,0.835675,0.166319
231,4,2,1,1,12,5,3.511535,27.323639,0.805470,0.275208
232,4,2,2,1,11,5,3.720164,28.477712,0.750676,0.345266
233,4,2,3,1,9,4,3.273929,25.562708,0.759645,0.424650
234,4,2,4,1,10,4,2.842204,24.793931,0.847536,0.151153
235,4,2,5,1,15,4,3.740379,24.586096,0.846442,0.116565
236,4,3,1,1,12,6,3.799108,26.709092,0.766639,0.367842
237,4,3,2,1,9,4,3.323785,24.851369,0.822986,0.261104
238,4,3,3,1,7,4,3.701885,20.612776,0.766565,0.437503
239,4,3,4,1,10,4,2.546504,27.200905,0.862899,0.135001
240,4,3,5,1,9,4,2.720651,24.461462,0.849026,0.188439
241,4,4,1,1,10,5,3.756557,27.281122,0.797586,0.386399
242,4,4,2,1,10,4,2.883949,27.284979,0.784994,0.300629
243,4,4,3,1,8,4,3.856687,23.513214,0.769031,0.284176
244,4,4,4,1,7,4,2.598503,17.761491,0.857047,0.136800
245,4,4,5,1,10,4,3.816220,24.050471,0.858413,0.137248
246,4,5,1,1,14,5,6.543146,26.350479,0.834911,0.195665
247,4,5,2,1,7,4,2.933914,19.153135,0.758222,0.313533
248,4,5,3,1,9,5,2.914564,23.098634,0.741879,0.091646
249,4,5,4,1,11,4,2.083156,27.989368,0.856964,0.173423
250,4,5,5,1,11,4,3.036585,25.385694,0.853941,0.149197
251,4,1,1,2,6,5,2.872249,8.454079,0.806791,0.145248
252,4,1,2,2,5,4,3.425752,3.456751,0.837526,0.051541
253,4,1,3,2,6,4,2.920719,8.781645,0.860808,0.117261
254,4,1,4,2,7,3,2.434692,-2.473702,0.949721,0.314127
255,4,1,5,2,8,4,5.052845,-5.564433,0.897422,0.051464
256,4,2,1,2,9,7,4.247310,18.122933,0.867899,0.094176
257,4,2,2,2,10,4,2.499589,27.915076,0.833146,0.263637
258,4,2,3,2,9,4,4.302343,15.259140,0.884358,0.100199
259,4,2,4,2,5,4,2.801939,-2.055907,0.968511,0.225970
260,4,2,5,2,6,5,2.618783,2.540659,0.932492,0.069453
261,4,3,1,2,10,5,3.522152,20.990039,0.798789,0.095146
262,4,3,2,2,6,5,4.481285,10.919011,0.843817,0.051631
263,4,3,3,2,7,4,3.459292,11.696890,0.857341,0.152343
264,4,3,4,2,8,4,2.440766,2.169417,0.948291,0.176570
265,4,3,5,2,5,4,2.721887,-1.834592,0.946823,0.167785
266,4,4,1,2,6,5,4.296067,6.461091,0.803941,0.034193
267,4,4,2,2,6,4,6.087262,5.286965,0.842381,0.113278
268,4,4,3,2,5,4,3.254438,9.290920,0.871074,0.100395
269,4,4,4,2,7,4,2.944339,-1.390827,0.928910,0.169488
270,4,4,5,2,5,4,4.921770,-4.799278,0.927897,0.114029
271,4,5,1,2,6,4,3.956434,8.587635,0.841304,0.104854
272,4,5,2,2,7,4,4.667565,5.290945,0.811397,0.040109
273,4,5,3,2,6,4,1.463506,7.868989,0.867919,0.100969
274,4,5,4,2,12,3,2.089919,-8.913302,0.939499,0.240009
275,4,5,5,2,8,5,2.393108,-4.005616,0.931433,0.071913
276,4,1,1,3,8,4,2.785389,23.067125,0.781604,0.155795
277,4,1,2,3,8,5,4.075944,17.864335,0.750154,0.022660
278,4,1,3,3,8,4,3.634210,20.425943,0.866993,0.173586
279,4,1,4,3,8,4,3.679219,5.690986,0.738688,0.065012
280,4,1,5,3,9,4,3.275349,16.394768,0.894538,0.379368
281,4,2,1,3,11,7,2.448726,15.932050,0.840813,0.194840
282,4,2,2,3,16,6,3.058927,10.689120,0.863957,0.252464
283,4,2,3,3,7,4,3.131035,14.087461,0.865715,0.183329
284,4,2,4,3,6,4,2.449991,0.111520,0.844631,0.061072
285,4,2,5,3,11,4,3.108089,16.409390,0.924056,0.216989
286,4,3,1,3,9,4,3.818866,22.224879,0.819283,0.421857
287,4,3,2,3,7,5,4.564188,10.871867,0.799568,0.011093
288,4,3,3,3,6,5,2.794906,7.908957,0.764363,0.073171
289,4,3,4,3,7,4,3.548219,3.886797,0.848660,0.063096
290,4,3,5,3,11,5,2.103814,18.128109,0.874201,0.055573
291,4,4,1,3,7,4,2.542822,15.167095,0.796067,0.118508
292,4,4,2,3,7,4,2.351585,10.900329,0.839798,0.101175
293,4,4,3,3,6,4,3.471955,12.188274,0.791001,0.122625
294,4,4,4,3,9,4,2.528544,8.078973,0.774221,0.094640
295,4,4,5,3,10,5,5.141688,16.111411,0.896384,0.063607
296,4,5,1,3,7,4,2.824060,18.013870,0.864821,0.140996
297,4,5,2,3,7,4,3.413754,14.614660,0.818172,0.097160
298,4,5,3,3,10,4,4.888324,23.160705,0.740043,0.060829
299,4,5,4,3,7,4,3.080324,3.314312,0.825921,0.065058
300,4,5,5,3,12,4,3.567194,18.201693,0.913232,0.173731
301,5,1,1,1,10,7,3.074606,31.738232,0.766964,0.264990
302,5,1,2,1,10,6,3.002480,25.782782,0.753525,0.261176
303,5,1,3,1,10,7,2.926685,26.049803,0.734765,0.198714
304,5,1,4,1,10,10,3.430377,15.592462,0.746888,0.089359
305,5,1,5,1,9,4,3.556244,29.346947,0.801146,0.467748
306,5,2,1,1,14,10,2.576896,28.921458,0.759418,0.260057
307,5,2,2,1,11,10,3.532705,16.773918,0.748424,0.214198
308,5,2,3,1,11,5,4.767774,25.651128,0.714384,0.529118
309,5,2,4,1,12,6,5.719862,20.647942,0.742927,0.113016
310,5,2,5,1,15,5,4.058167,27.312983,0.756728,0.340575
311,5,3,1,1,11,4,3.015474,30.785234,0.786409,0.181013
312,5,3,2,1,11,5,4.199733,26.894479,0.839049,0.275296
313,5,3,3,1,9,4,3.015512,24.399165,0.798269,0.160156
314,5,3,4,1,8,4,4.130440,19.643157,0.738136,0.133350
315,5,3,5,1,8,4,3.634434,17.670885,0.824301,0.254736
316,5,4,1,1,18,5,3.486591,30.221038,0.799221,0.418667
317,5,4,2,1,13,4,2.610337,30.248252,0.848447,0.260361
318,5,4,3,1,11,4,4.695427,28.528981,0.869827,0.158928
319,5,4,4,1,12,4,3.198670,23.856513,0.890673,0.218883
320,5,4,5,1,13,4,2.505558,20.138110,0.930502,0.287641
321,5,5,1,1,11,5,2.574087,29.194548,0.860936,0.112542
322,5,5,2,1,16,5,3.060656,27.182491,0.851628,0.326005
323,5,5,3,1,10,5,3.394256,27.594353,0.878049,0.350014
324,5,5,4,1,12,4,3.007708,29.391397,0.902049,0.386346
325,5,5,5,1,10,4,3.949647,26.635872,0.866314,0.332165
326,5,1,1,2,6,5,4.968545,8.743668,0.754585,0.044871
327,5,1,2,2,7,5,1.931604,12.361265,0.807771,0.099672
328,5,1,3,2,6,5,2.179982,10.547618,0.808444,0.008115
329,5,1,4,2,10,4,4.522955,22.870871,0.810207,0.054623
330,5,1,5,2,9,4,3.318684,17.081013,0.867902,0.045026
331,5,2,1,2,11,4,2.556341,13.173165,0.834618,0.171231
332,5,2,2,2,6,4,3.507426,10.272978,0.805651,0.081024
333,5,2,3,2,4,5,3.333393,-0.162602,0.753824,0.015667
334,5,2,4,2,6,4,3.948700,-4.860672,0.773135,0.023310
335,5,2,5,2,6,5,4.278926,-4.391014,0.824493,0.011041
336,5,3,1,2,7,6,1.669179,7.020930,0.772945,0.023626
337,5,3,2,2,6,7,4.642475,2.955921,0.830395,0.007872
338,5,3,3,2,6,4,3.638370,2.994001,0.835518,0.052917
339,5,3,4,2,6,4,3.578431,-4.429829,0.817322,0.067808
340,5,3,5,2,5,4,-0.000000,-3.255293,0.807014,0.008748
341,5,4,1,2,10,7,3.507116,17.034286,0.846446,-0.005646
342,5,4,2,2,10,6,5.409251,21.891017,0.808939,0.000739
343,5,4,3,2,10,4,4.551120,13.670436,0.893502,0.032785
344,5,4,4,2,6,5,7.306831,-2.554572,0.918831,0.043125
345,5,4,5,2,5,4,2.731602,-2.584981,0.958919,0.160307
346,5,5,1,2,6,4,3.087448,6.075834,0.830516,0.191060
347,5,5,2,2,8,5,3.851877,15.858983,0.885728,0.129282
348,5,5,3,2,8,4,2.414986,11.182042,0.841279,0.142094
349,5,5,4,2,9,5,5.224185,-6.330939,0.860987,0.063748
350,5,5,5,2,6,4,3.207471,-3.556963,0.854845,0.123864
351,5,1,1,3,5,5,2.153025,8.278494,0.827458,0.079890
352,5,1,2,3,9,6,2.993827,19.682506,0.844440,0.059663
353,5,1,3,3,8,5,2.247717,20.761895,0.811964,0.162813
354,5,1,4,3,6,5,2.320900,8.161084,0.814949,0.105290
355,5,1,5,3,8,4,2.339934,22.405416,0.866309,0.228116
356,5,2,1,3,16,4,1.381085,26.190589,0.810492,0.034924
357,5,2,2,3,17,4,2.623924,24.736619,0.810640,0.036677
358,5,2,3,3,15,4,2.796814,25.606982,0.843374,0.074908
359,5,2,4,3,12,4,3.441755,21.959525,0.821311,0.307987
360,5,2,5,3,15,4,4.801486,-14.431048,0.813812,0.142858
361,5,3,1,3,6,5,3.280447,9.180822,0.832146,0.064803
362,5,3,2,3,9,5,3.822480,21.664511,0.748200,0.005313
363,5,3,3,3,9,5,1.599064,21.906652,0.805824,0.040523
364,5,3,4,3,7,4,3.932556,1.778203,0.806432,0.065122
365,5,3,5,3,6,4,2.917947,-3.064897,0.753305,0.197883
366,5,4,1,3,11,6,2.955568,20.006434,0.789402,0.276090
367,5,4,2,3,8,4,4.957762,10.570556,0.794038,0.056139
368,5,4,3,3,8,5,8.257607,13.839439,0.786631,0.009570
369,5,4,4,3,8,4,3.703222,9.526807,0.791350,0.087495
370,5,4,5,3,10,4,3.108275,-10.251165,0.860355,0.129199
371,5,5,1,3,10,5,2.647964,26.959055,0.797099,0.104010
372,5,5,2,3,6,4,2.181402,13.005581,0.836083,0.197016
373,5,5,3,3,6,5,3.161379,13.521604,0.810630,0.101623
374,5,5,4,3,8,6,5.896846,16.172595,0.857899,0.030878
375,5,5,5,3,7,4,3.973321,7.162885,0.887505,0.122905
376,6,1,1,1,9,6,3.826283,26.010917,0.794445,0.372944
377,6,1,2,1,7,4,3.107586,20.258831,0.717414,0.227027
378,6,1,3,1,9,5,4.814241,23.354520,0.757903,0.161550
379,6,1,4,1,11,5,3.694702,28.595217,0.764969,0.192215
380,6,1,5,1,5,4,3.936075,9.179899,0.837340,0.506252
381,6,2,1,1,9,5,3.841617,24.444558,0.813511,0.335865
382,6,2,2,1,8,4,4.181003,22.630295,0.808948,0.089783
383,6,2,3,1,6,4,3.751946,12.570609,0.809106,0.119008
384,6,2,4,1,9,4,5.088184,17.204901,0.838356,0.085189
385,6,2,5,1,7,4,2.521700,-1.561169,0.865675,0.152737
386,6,3,1,1,9,4,4.209518,24.213384,0.846692,0.256178
387,6,3,2,1,11,4,3.895847,27.165083,0.823725,0.198097
388,6,3,3,1,8,4,3.664173,22.365885,0.758256,0.120852
389,6,3,4,1,7,4,4.014912,16.466790,0.797937,0.118375
390,6,3,5,1,9,4,4.779664,14.829390,0.881666,0.134817
391,6,4,1,1,14,4,5.128706,29.012385,0.799673,0.156643
392,6,4,2,1,8,4,2.732689,23.179618,0.744215,0.180003
393,6,4,3,1,6,4,2.880094,12.943682,0.686670,0.198768
394,6,4,4,1,6,4,3.580348,9.257649,0.728509,0.142979
395,6,4,5,1,10,4,3.297375,16.015960,0.779169,0.156350
396,6,5,1,1,11,5,3.588917,32.846190,0.782335,0.448326
397,6,5,2,1,9,4,3.358948,26.812576,0.692437,0.148588
398,6,5,3,1,8,4,2.435587,22.360191,0.820006,0.206478
399,6,5,4,1,9,4,4.468258,25.451346,0.734358,0.170386
400,6,5,5,1,12,4,3.383066,22.319867,0.856043,0.344313
401,6,1,1,2,10,4,2.964493,33.741233,0.795293,0.361832
402,6,1,2,2,7,5,3.098354,11.076389,0.759051,0.013001
403,6,1,3,2,9,4,5.823018,10.090949,0.811565,0.101067
404,6,1,4,2,8,4,4.168591,-21.020220,0.852823,0.073351
405,6,1,5,2,8,4,3.065100,0.497231,0.809729,0.069705
406,6,2,1,2,6,4,5.475442,8.651840,0.897594,0.125362
407,6,2,2,2,5,4,2.633108,2.707357,0.850080,0.049344
408,6,2,3,2,6,5,0.000000,1.495289,0.837575,0.021728
409,6,2,4,2,6,4,6.230706,-5.521466,0.839651,0.065805
410,6,2,5,2,5,4,4.144446,-1.819417,0.879002,0.045015
411,6,3,1,2,9,4,3.305238,15.518480,0.871623,0.102414
412,6,3,2,2,7,4,2.286455,6.412108,0.765061,0.025196
413,6,3,3,2,6,4,6.261460,6.226538,0.782434,0.030491
414,6,3,4,2,9,4,2.333082,-12.547538,0.828285,0.077277
415,6,3,5,2,8,4,1.838677,-7.132170,0.836719,0.032008
416,6,4,1,2,5,5,5.140693,-3.246035,0.698124,0.017936
417,6,4,2,2,10,4,4.254250,12.714366,0.881492,0.149049
418,6,4,3,2,5,4,4.065365,8.750910,0.803520,0.073706
419,6,4,4,2,5,4,2.231893,-3.223163,0.860793,0.034317
420,6,4,5,2,7,4,4.248146,-10.339364,0.831023,0.034229
421,6,5,1,2,6,4,2.427635,11.045804,0.779987,0.238103
422,6,5,2,2,8,4,0.000000,-0.077674,0.862387,0.029673
423,6,5,3,2,5,4,5.812391,2.241923,0.771077,0.078771
424,6,5,4,2,7,4,3.058851,-7.443760,0.851874,0.009379
425,6,5,5,2,7,4,4.248841,-2.513636,0.815015,0.212928
426,6,1,1,3,11,7,3.257925,28.482656,0.777727,0.323540
427,6,1,2,3,8,4,3.238229,18.768469,0.753591,0.140982
428,6,1,3,3,10,4,2.742397,22.253763,0.723946,0.018551
429,6,1,4,3,7,4,5.277345,-5.917907,0.758679,0.037334
430,6,1,5,3,6,4,2.448177,-7.582061,0.810573,0.077132
431,6,2,1,3,9,4,5.493937,18.521321,0.834928,0.071431
432,6,2,2,3,7,4,4.192393,9.051357,0.775218,0.059772
433,6,2,3,3,8,4,3.491814,4.155386,0.841614,0.068459
434,6,2,4,3,5,4,3.226282,-2.904278,0.808730,0.027721
435,6,2,5,3,8,4,4.048132,-14.220135,0.840995,0.079128
436,6,3,1,3,12,5,3.204397,31.454462,0.773139,0.303323
437,6,3,2,3,9,4,2.758847,26.234244,0.749985,0.213493
438,6,3,3,3,5,4,3.023970,8.588735,0.873966,0.115241
439,6,3,4,3,5,4,3.584277,-2.564130,0.773725,0.101525
440,6,3,5,3,7,4,4.018631,-7.596505,0.846876,0.074611
441,6,4,1,3,9,4,6.680108,20.312167,0.773898,0.095148
442,6,4,2,3,10,4,2.369907,19.134530,0.789514,0.069838
443,6,4,3,3,5,4,3.040019,6.044068,0.782639,0.110703
444,6,4,4,3,6,4,5.843331,1.503715,0.741700,0.070030
445,6,4,5,3,5,4,2.127404,-2.720376,0.762502,0.062219
446,6,5,1,3,11,4,3.340983,27.241023,0.768562,0.486715
447,6,5,2,3,7,4,3.942888,16.844123,0.782474,0.120310
448,6,5,3,3,5,4,4.115884,10.869216,0.792947,0.098243
449,6,5,4,3,6,4,3.115157,-0.580997,0.839870,0.101645
450,6,5,5,3,6,4,3.044981,-8.739227,0.852612,0.113400
451,7,1,1,1,11,7,3.237076,25.643498,0.795259,0.375556
452,7,1,2,1,9,5,4.759264,27.175869,0.769735,0.315396
453,7,1,3,1,10,4,3.221543,27.429880,0.717089,0.404942
454,7,1,4,1,14,4,4.067503,26.651086,0.791575,0.228601
455,7,1,5,1,13,4,3.994933,25.325847,0.760715,0.227291
456,7,2,1,1,9,5,6.750301,25.236508,0.751047,0.096761
457,7,2,2,1,9,4,4.309248,26.296157,0.729099,0.217802
458,7,2,3,1,12,4,2.126538,30.170354,0.736629,0.192337
459,7,2,4,1,10,4,3.567185,26.362291,0.791593,0.150161
460,7,2,5,1,12,4,3.427441,29.220867,0.798295,0.347710
461,7,3,1,1,10,10,0.799947,22.516656,0.842354,0.104836
462,7,3,2,1,13,10,1.032632,20.527751,0.842296,0.099843
463,7,3,3,1,10,5,1.664982,27.920418,0.846929,0.338787
464,7,3,4,1,13,8,1.309515,28.427198,0.818357,0.232847
465,7,3,5,1,9,10,2.549328,21.879474,0.838150,0.201595
466,7,4,1,1,9,6,3.767890,25.276110,0.808907,0.164156
467,7,4,2,1,7,4,3.300042,17.559116,0.760152,0.160904
468,7,4,3,1,18,4,3.476181,26.176521,0.802851,0.325475
469,7,4,4,1,12,5,4.014919,27.437731,0.793658,0.146599
470,7,4,5,1,13,4,3.570907,29.039670,0.794006,0.481643
471,7,5,1,1,12,6,3.128543,31.802408,0.785976,0.342159
472,7,5,2,1,10,4,3.762957,30.786961,0.760741,0.393348
473,7,5,3,1,9,4,2.949708,27.617924,0.721234,0.475353
474,7,5,4,1,18,4,4.089426,29.746653,0.757173,0.477415
475,7,5,5,1,5,5,4.728168,9.259746,0.748464,0.290231
476,7,1,1,2,15,6,3.883774,31.946639,0.812702,0.237520
477,7,1,2,2,9,4,3.962045,25.242843,0.828082,0.167380
478,7,1,3,2,7,3,2.797798,18.531348,0.688061,0.304705
479,7,1,4,2,7,4,3.970271,-4.133365,0.880023,0.087220
480,7,1,5,2,6,4,2.925321,-5.876376,0.880546,0.035973
481,7,2,1,2,9,4,6.870518,11.463519,0.822703,0.035845
482,7,2,2,2,7,4,4.433387,2.426783,0.808791,0.019807
483,7,2,3,2,6,4,1.190566,2.608221,0.805400,0.059122
484,7,2,4,2,7,4,2.428873,-5.894004,0.792076,0.077414
485,7,2,5,2,6,5,3.565772,-2.438527,0.809998,-0.007231
486,7,3,1,2,6,10,0.778184,11.616488,0.902927,0.156248
487,7,3,2,2,9,10,4.005655,11.000382,0.887698,0.006534
488,7,3,3,2,11,6,1.502633,25.823716,0.820928,0.316703
489,7,3,4,2,9,7,1.494450,20.731168,0.860024,0.114899
490,7,3,5,2,6,5,2.480896,9.981843,0.885266,0.232769
491,7,4,1,2,7,4,2.932518,12.196627,0.863747,0.096609
492,7,4,2,2,7,4,1.776186,3.457362,0.826825,0.003677
493,7,4,3,2,7,4,3.422531,12.144154,0.827597,0.121007
494,7,4,4,2,9,4,3.869969,-10.775166,0.902438,0.043661
495,7,4,5,2,8,4,6.052526,-9.924987,0.909970,0.018178
496,7,5,1,2,14,5,3.461759,34.042065,0.820514,0.423478
497,7,5,2,2,7,4,1.837324,13.865896,0.784045,0.068764
498,7,5,3,2,5,4,4.699932,4.911999,0.794520,0.013465
499,7,5,4,2,5,4,1.873616,-3.238091,0.893958,0.096522
500,7,5,5,2,6,4,2.377730,-3.468274,0.887761,0.089212
501,7,1,1,3,10,9,2.948468,22.577821,0.757053,0.236316
502,7,1,2,3,8,5,6.562415,19.351460,0.755363,0.100897
503,7,1,3,3,7,4,4.772571,13.979079,0.769273,0.119830
504,7,1,4,3,8,4,5.340200,-3.902721,0.794001,0.102890
505,7,1,5,3,8,4,4.496416,-9.317037,0.939872,0.111643
506,7,2,1,3,6,4,1.834860,11.004901,0.734013,0.079798
507,7,2,2,3,5,4,3.511468,8.731307,0.812084,0.134140
508,7,2,3,3,5,4,2.826496,6.165721,0.719259,0.106179
509,7,2,4,3,6,4,3.154793,0.033783,0.750228,0.031912
510,7,2,5,3,5,4,4.929167,-4.951514,0.746543,0.085126
511,7,3,1,3,9,10,1.988279,18.334121,0.815755,0.027146
512,7,3,2,3,9,10,1.406821,19.613037,0.790271,-0.008820
513,7,3,3,3,9,10,2.427418,24.186504,0.755597,0.026799
514,7,3,4,3,8,10,1.459728,12.827311,0.791688,0.020534
515,7,3,5,3,8,10,1.823809,8.930531,0.835595,0.026723
516,7,4,1,3,16,4,2.914533,29.239234,0.796665,0.274617
517,7,4,2,3,9,4,7.304153,19.637259,0.789225,0.057466
518,7,4,3,3,9,4,3.342043,11.467266,0.734644,0.026585
519,7,4,4,3,9,4,5.093843,1.426408,0.792289,0.110082
520,7,4,5,3,11,4,2.919994,2.143052,0.849917,0.198329
521,7,5,1,3,11,6,3.338991,21.996250,0.727822,0.294428
522,7,5,2,3,8,4,2.902446,21.731688,0.781584,0.153825
523,7,5,3,3,5,4,3.644011,6.074928,0.689895,0.126000
524,7,5,4,3,12,4,2.219782,4.276682,0.773855,0.040162
525,7,5,5,3,8,4,4.036120,-11.112970,0.899452,0.116522
526,8,1,1,1,10,10,2.662456,27.729133,0.750739,0.170442
527,8,1,2,1,10,5,3.564228,29.300648,0.746980,0.181877
528,8,1,3,1,10,4,3.540778,28.046931,0.757744,0.201195
529,8,1,4,1,11,4,4.146618,27.965221,0.765373,0.577176
530,8,1,5,1,8,4,3.439832,18.211780,0.875698,0.267336
531,8,2,1,1,11,10,2.120522,17.597925,0.757926,0.187881
532,8,2,2,1,10,10,3.298960,16.588401,0.776128,0.145317
533,8,2,3,1,10,6,3.081138,25.228787,0.694165,0.127177
534,8,2,4,1,10,10,3.690638,16.636457,0.766617,0.144751
535,8,2,5,1,11,6,3.571832,23.065031,0.786067,0.198039
536,8,3,1,1,10,4,2.179633,29.625398,0.737893,0.004605
537,8,3,2,1,10,4,3.456246,29.197112,0.696517,0.056369
538,8,3,3,1,10,4,3.026601,30.207692,0.750383,0.183936
539,8,3,4,1,10,4,3.667616,31.225888,0.777913,0.576230
540,8,3,5,1,8,4,3.703887,22.169891,0.755972,0.369477
541,8,4,1,1,11,4,2.464415,29.696059,0.766769,0.005116
542,8,4,2,1,10,4,3.371995,29.398727,0.723190,0.095860
543,8,4,3,1,10,4,3.476413,25.954861,0.755545,0.479955
544,8,4,4,1,11,4,3.558528,29.373623,0.824831,0.497940
545,8,4,5,1,9,4,3.817397,23.026666,0.784104,0.369188
546,8,5,1,1,10,5,2.621086,29.773061,0.791758,0.041202
547,8,5,2,1,10,5,3.589145,25.869252,0.755348,0.102706
548,8,5,3,1,10,4,3.099673,29.983586,0.723601,0.192136
549,8,5,4,1,11,4,3.148554,29.368220,0.801556,0.468447
550,8,5,5,1,10,4,3.981767,28.735731,0.814124,0.473887
551,8,1,1,2,10,10,3.252072,13.480212,0.795612,0.058925
552,8,1,2,2,10,6,3.665650,23.618600,0.788018,0.147488
553,8,1,3,2,6,6,3.988642,4.336515,0.782487,0.106739
554,8,1,4,2,10,4,3.302653,22.880249,0.783208,0.494524
555,8,1,5,2,9,4,2.341222,10.265587,0.803054,0.123312
556,8,2,1,2,12,10,3.943874,27.724296,0.814807,-0.070242
557,8,2,2,2,8,5,3.593552,13.709843,0.804574,0.290702
558,8,2,3,2,8,4,2.811800,15.758843,0.784266,0.261929
559,8,2,4,2,14,10,4.672288,32.847540,0.800498,-0.138657
560,8,2,5,2,9,7,3.443620,10.233791,0.814467,0.066983
561,8,3,1,2,11,10,1.884807,23.064685,0.789923,0.169569
562,8,3,2,2,13,5,2.958065,30.770974,0.800729,0.340419
563,8,3,3,2,7,5,3.130985,9.528374,0.805911,0.181378
564,8,3,4,2,9,4,3.886944,17.380517,0.805189,0.391833
565,8,3,5,2,10,3,3.358580,8.515313,0.818691,0.476480
566,8,4,1,2,11,9,2.059316,22.695010,0.797178,0.224177
567,8,4,2,2,9,4,2.697514,27.641091,0.804598,0.304633
568,8,4,3,2,9,4,4.901400,15.337963,0.809482,0.108386
569,8,4,4,2,10,4,5.600742,18.086296,0.774951,0.226735
570,8,4,5,2,7,4,4.127133,-13.929885,0.819796,0.082947
571,8,5,1,2,11,9,2.274036,28.545487,0.797373,0.122284
572,8,5,2,2,11,6,4.496303,20.720187,0.810082,0.185282
573,8,5,3,2,7,4,4.215188,6.305707,0.815414,0.168624
574,8,5,4,2,8,5,3.137290,12.027220,0.807742,0.187819
575,8,5,5,2,10,6,4.114292,8.478228,0.849092,0.056758
576,8,1,1,3,14,6,2.473806,18.619654,0.865336,0.157613
577,8,1,2,3,9,5,3.553744,18.954071,0.833950,0.152029
578,8,1,3,3,10,4,2.683239,18.214350,0.742553,0.040189
579,8,1,4,3,12,4,3.484170,-15.999647,0.863561,0.065180
580,8,1,5,3,7,5,3.719811,-6.275223,0.781476,0.069215
581,8,2,1,3,11,6,2.030032,14.880238,0.902627,0.115595
582,8,2,2,3,13,5,2.775147,26.369605,0.915443,0.362644
583,8,2,3,3,11,5,3.014447,21.377154,0.819923,0.277406
584,8,2,4,3,10,4,2.990228,25.548369,0.780560,0.380672
585,8,2,5,3,14,4,3.011414,25.459618,0.830977,0.340600
586,8,3,1,3,16,4,2.755494,18.402408,0.882052,0.425766
587,8,3,2,3,9,4,2.491203,19.023747,0.877977,0.267354
588,8,3,3,3,6,4,4.048041,6.688626,0.820150,0.128258
589,8,3,4,3,5,4,2.343299,-1.599657,0.826443,0.122517
590,8,3,5,3,6,4,7.730459,-4.331017,0.778367,0.039038
591,8,4,1,3,14,8,3.286458,6.181122,0.808168,0.124726
592,8,4,2,3,11,4,3.812888,21.316466,0.855218,0.267108
593,8,4,3,3,6,4,6.417264,2.778361,0.764792,0.046330
594,8,4,4,3,7,4,4.231201,-3.369909,0.752021,0.085195
595,8,4,5,3,5,4,1.396386,-3.788670,0.802752,0.039709
596,8,5,1,3,19,3,2.337776,24.564407,0.846740,0.635179
597,8,5,2,3,10,5,4.882796,10.667253,0.888717,0.097504
598,8,5,3,3,8,4,3.154659,3.494263,0.872445,0.076111
599,8,5,4,3,8,4,1.291888,-9.062515,0.868564,0.040810
600,8,5,5,3,8,4,4.989213,-18.840182,0.844043,0.057412
601,9,1,1,1,8,6,2.731774,21.548985,0.700760,0.411197
602,9,1,2,1,7,5,3.418814,15.843820,0.739276,0.125787
603,9,1,3,1,6,4,5.111572,12.484459,0.764902,0.128700
604,9,1,4,1,9,4,3.638535,17.364427,0.873907,0.155077
605,9,1,5,1,9,4,3.497540,24.617724,0.793262,0.538216
606,9,2,1,1,7,4,3.330546,17.782883,0.753443,0.180272
607,9,2,2,1,7,4,4.010725,19.376591,0.851617,0.190500
608,9,2,3,1,11,4,3.465551,27.974521,0.785870,0.169080
609,9,2,4,1,9,4,3.869645,24.916782,0.776463,0.178341
610,9,2,5,1,9,4,2.374675,18.805372,0.804425,0.194881
611,9,3,1,1,5,4,4.568564,10.008953,0.723549,0.158604
612,9,3,2,1,9,4,2.994324,26.693864,0.849268,0.418198
613,9,3,3,1,7,4,3.543187,16.764312,0.747829,0.136381
614,9,3,4,1,9,4,4.606615,23.713661,0.807941,0.119146
615,9,3,5,1,15,4,3.944402,30.579065,0.793538,0.441110
616,9,4,1,1,6,4,4.059217,11.251420,0.692560,0.144798
617,9,4,2,1,7,4,3.215859,18.091021,0.792136,0.280327
618,9,4,3,1,9,4,4.659235,25.578505,0.760044,0.114669
619,9,4,4,1,10,4,3.080841,24.567850,0.752334,0.640760
620,9,4,5,1,10,5,3.189372,26.118243,0.730826,0.263005
621,9,5,1,1,9,5,2.706913,24.499644,0.705750,0.453862
622,9,5,2,1,6,4,4.561032,15.978135,0.700230,0.269225
623,9,5,3,1,9,4,4.151832,26.881720,0.728553,0.078120
624,9,5,4,1,11,4,4.331372,21.982272,0.839134,0.120816
625,9,5,5,1,10,4,3.228485,28.287168,0.740380,0.574436
626,9,1,1,2,16,4,2.853900,37.431164,0.795715,0.369081
627,9,1,2,2,12,4,2.582603,19.181486,0.795039,0.192132
628,9,1,3,2,4,5,5.342848,-1.403617,0.880698,0.044911
629,9,1,4,2,11,4,7.050076,-5.797457,0.830510,0.041838
630,9,1,5,2,6,4,1.194137,-4.901314,0.840699,0.034505
631,9,2,1,2,6,4,4.494185,0.721565,0.874354,0.086819
632,9,2,2,2,7,4,3.852916,3.873311,0.901231,0.104891
633,9,2,3,2,6,4,4.978328,6.217085,0.846956,0.073686
634,9,2,4,2,5,5,3.411390,-2.237180,0.792341,-0.004615
635,9,2,5,2,5,4,5.277476,-5.145948,0.897239,0.072784
636,9,3,1,2,11,4,4.056462,8.331312,0.874077,0.143783
637,9,3,2,2,7,4,2.832531,12.397372,0.843684,0.153417
638,9,3,3,2,7,4,2.591393,1.770935,0.832113,0.019250
639,9,3,4,2,7,4,2.850633,-12.759820,0.806319,0.083623
640,9,3,5,2,13,4,2.934796,-10.912544,0.865477,0.264805
641,9,4,1,2,6,4,1.604169,-0.610301,0.841509,0.047044
642,9,4,2,2,6,4,3.872431,1.573650,0.846347,0.063885
643,9,4,3,2,8,4,5.314052,-14.048597,0.869071,0.046104
644,9,4,4,2,5,4,3.328942,-3.859929,0.835413,0.105937
645,9,4,5,2,5,4,5.990497,-2.838330,0.832757,0.013819
646,9,5,1,2,16,4,3.272508,36.614686,0.796617,0.396842
647,9,5,2,2,9,4,3.887330,18.419588,0.803491,0.203361
648,9,5,3,2,9,3,2.593904,-1.241028,0.838968,0.171426
649,9,5,4,2,6,4,3.298556,-12.869597,0.819548,0.090200
650,9,5,5,2,7,4,3.644281,-21.663130,0.830281,0.089123
651,9,1,1,3,10,8,2.342756,29.686841,0.765101,0.205079
652,9,1,2,3,10,5,2.926167,30.107878,0.744055,0.426725
653,9,1,3,3,11,6,3.360310,32.606065,0.752439,0.443186
654,9,1,4,3,8,4,2.985757,21.693638,0.819350,0.429709
655,9,1,5,3,7,10,2.472236,9.883286,0.854510,0.199176
656,9,2,1,3,10,4,3.619962,25.299240,0.756879,0.142059
657,9,2,2,3,7,4,4.261067,14.741716,0.767863,0.083325
658,9,2,3,3,7,4,3.186174,11.744869,0.810811,0.068420
659,9,2,4,3,5,4,3.668612,1.560809,0.720980,0.068317
660,9,2,5,3,6,4,3.219710,11.338895,0.904461,0.213398
661,9,3,1,3,10,9,1.624794,3.883403,0.781872,0.054364
662,9,3,2,3,10,9,2.147464,4.854659,0.769996,0.055853
663,9,3,3,3,10,9,2.251764,8.775300,0.770207,0.055853
664,9,3,4,3,10,9,2.929687,11.472312,0.760867,0.056554
665,9,3,5,3,11,6,3.258279,19.356059,0.769864,0.359507
666,9,4,1,3,10,5,4.552479,22.907770,0.775551,0.159763
667,9,4,2,3,7,4,3.748935,13.017811,0.749028,0.074102
668,9,4,3,3,7,4,4.580170,13.980565,0.822656,0.102338
669,9,4,4,3,7,4,4.094973,5.957068,0.826390,0.140326
670,9,4,5,3,14,4,3.240054,19.729170,0.845128,0.176362
671,9,5,1,3,10,9,2.453175,15.378433,0.778894,0.055853
672,9,5,2,3,10,9,2.274452,10.190544,0.789780,0.055853
673,9,5,3,3,10,8,3.092820,9.276733,0.779752,0.048164
674,9,5,4,3,11,5,3.211473,22.949771,0.792171,0.446964
675,9,5,5,3,6,10,3.283515,8.488040,0.832194,0.105562
676,10,1,1,1,8,6,2.294012,21.968965,0.788130,0.328330
677,10,1,2,1,9,4,2.060720,27.218560,0.804452,0.465812
678,10,1,3,1,7,4,3.887099,16.960978,0.802607,0.199513
679,10,1,4,1,7,4,3.207000,16.527871,0.781751,0.361510
680,10,1,5,1,11,4,3.403738,15.552804,0.910166,0.181039
681,10,2,1,1,8,4,4.415342,24.322722,0.807565,0.180288
682,10,2,2,1,10,4,3.710637,28.759504,0.756790,0.144117
683,10,2,3,1,8,4,2.648771,21.743313,0.751362,0.131520
684,10,2,4,1,7,4,3.377093,16.147835,0.682633,0.090585
685,10,2,5,1,6,5,3.633334,-1.750596,0.706942,0.014635
686,10,3,1,1,12,4,3.092951,31.736419,0.867962,0.259912
687,10,3,2,1,9,4,3.623925,26.737655,0.836890,0.153591
688,10,3,3,1,10,5,5.037436,27.300931,0.825523,0.057633
689,10,3,4,1,9,5,3.894038,23.164016,0.846587,0.285538
690,10,3,5,1,17,4,4.495285,27.207117,0.808884,0.410603
691,10,4,1,1,16,4,3.442916,24.459344,0.796182,0.193120
692,10,4,2,1,15,5,3.563796,26.553361,0.773921,0.313553
693,10,4,3,1,11,5,4.613050,24.289824,0.799620,0.185069
694,10,4,4,1,15,4,3.438347,27.135310,0.827889,0.477843
695,10,4,5,1,14,4,3.797951,25.870384,0.858924,0.502710
696,10,5,1,1,8,5,2.756921,24.588670,0.799653,0.484176
697,10,5,2,1,10,4,3.250039,29.426105,0.796737,0.593386
698,10,5,3,1,8,4,3.340901,22.142038,0.801724,0.310793
699,10,5,4,1,5,4,3.908493,10.972726,0.840040,0.576146
700,10,5,5,1,13,4,3.409904,16.775494,0.852632,0.333076
701,10,1,1,2,9,6,2.284230,26.309254,0.811617,0.124307
702,10,1,2,2,7,4,3.165384,15.336652,0.730913,0.096643
703,10,1,3,2,6,4,3.401613,5.396141,0.816103,0.121814
704,10,1,4,2,7,4,6.000754,-8.361401,0.835916,0.034470
705,10,1,5,2,5,4,2.084162,-2.435996,0.789619,0.087510
706,10,2,1,2,8,4,3.497615,5.755081,0.893685,0.097477
707,10,2,2,2,4,4,3.447491,7.065833,0.786808,0.081520
708,10,2,3,2,7,4,2.789448,2.625580,0.885706,0.115481
709,10,2,4,2,6,4,2.082264,-4.010496,0.887426,0.058877
710,10,2,5,2,7,3,1.890187,-4.747176,0.870670,0.235744
711,10,3,1,2,6,6,4.741577,-0.785901,0.933167,0.027416
712,10,3,2,2,7,4,6.528283,9.360437,0.778496,0.029718
713,10,3,3,2,9,4,2.336099,14.905183,0.922366,0.100640
714,10,3,4,2,7,4,3.867006,13.197578,0.835484,0.135158
715,10,3,5,2,10,4,3.921257,-27.077636,0.856106,0.088081
716,10,4,1,2,4,4,2.750300,-4.787816,0.883771,0.109813
717,10,4,2,2,5,4,3.745778,1.070711,0.784451,0.058025
718,10,4,3,2,6,4,2.931972,3.840549,0.881959,0.216781
719,10,4,4,2,6,4,5.597866,-9.575791,0.736894,0.019444
720,10,4,5,2,5,5,3.535581,-4.368063,0.783349,-0.004454
721,10,5,1,2,8,4,2.707838,28.141333,0.800396,0.336682
722,10,5,2,2,4,4,2.197756,7.126402,0.799014,0.124266
723,10,5,3,2,6,5,3.533903,3.155468,0.851501,0.027884
724,10,5,4,2,5,4,2.007604,-0.643605,0.873772,0.062046
725,10,5,5,2,11,4,4.020045,-8.084454,0.876127,0.039286
726,10,1,1,3,17,10,1.114362,14.813453,0.833538,-0.016393
727,10,1,2,3,10,4,2.546786,24.643888,0.830061,0.248503
728,10,1,3,3,16,5,3.107404,22.884190,0.808541,0.119289
729,10,1,4,3,16,4,4.445572,2.831832,0.813671,0.179715
730,10,1,5,3,7,4,3.931504,3.177635,0.820620,0.160663
731,10,2,1,3,10,4,3.900484,23.069683,0.798740,0.170552
732,10,2,2,3,7,4,2.227617,11.382505,0.804323,0.133585
733,10,2,3,3,7,4,5.332999,15.125301,0.877690,0.144309
734,10,2,4,3,5,5,4.567391,-0.929337,0.835982,0.019888
735,10,2,5,3,6,4,4.118583,-2.513884,0.719054,0.043359
736,10,3,1,3,9,4,2.389937,22.228092,0.835179,0.203258
737,10,3,2,3,10,4,3.281135,27.262854,0.772178,0.354864
738,10,3,3,3,14,4,3.256564,25.096878,0.833301,0.158600
739,10,3,4,3,14,4,2.951335,27.076250,0.814243,0.235844
740,10,3,5,3,4,4,2.802245,6.550747,0.954575,0.234235
741,10,4,1,3,10,4,2.702131,14.948101,0.830518,0.104622
742,10,4,2,3,11,4,2.900331,17.135978,0.884988,0.094418
743,10,4,3,3,10,4,3.148833,22.266703,0.866300,0.226776
744,10,4,4,3,15,4,2.873736,19.609168,0.859915,0.171852
745,10,4,5,3,11,4,3.084853,15.824701,0.867776,0.206696
746,10,5,1,3,9,10,2.605477,13.212721,0.814714,0.157696
747,10,5,2,3,11,10,2.803622,24.469803,0.814636,0.122957
748,10,5,3,3,14,10,2.563802,20.657639,0.841782,0.144193
749,10,5,4,3,16,5,2.770860,20.802579,0.818653,0.270300
750,10,5,5,3,10,5,4.354211,14.072449,0.840411,0.218722
751,12,1,1,1,9,5,3.024105,26.750748,0.764353,0.306657
752,12,1,2,1,9,5,5.125101,26.412366,0.798032,0.135249
753,12,1,3,1,8,4,4.259715,23.308282,0.782009,0.147359
754,12,1,4,1,8,4,3.659413,22.433795,0.748291,0.153495
755,12,1,5,1,10,4,3.242461,14.754984,0.820023,0.137314
756,12,2,1,1,12,4,0.877117,28.665597,0.835112,0.009702
757,12,2,2,1,10,4,1.855994,27.927983,0.733836,0.009955
758,12,2,3,1,10,4,2.496925,27.588516,0.779616,0.007826
759,12,2,4,1,10,4,3.299352,28.551659,0.814946,0.235599
760,12,2,5,1,10,4,2.941927,27.962627,0.780882,0.527847
761,12,3,1,1,10,4,3.262282,26.826699,0.818865,0.456561
762,12,3,2,1,16,4,3.497570,26.272156,0.819499,0.127996
763,12,3,3,1,10,4,4.137102,28.109103,0.776244,0.111260
764,12,3,4,1,7,4,2.497430,19.242884,0.750403,0.134270
765,12,3,5,1,9,4,2.975150,5.605389,0.795915,0.122650
766,12,4,1,1,10,4,3.400624,24.666756,0.786540,0.257815
767,12,4,2,1,9,4,4.199957,22.646641,0.801670,0.333279
768,12,4,3,1,6,4,3.166435,11.925681,0.721940,0.165877
769,12,4,4,1,8,4,2.461622,15.766031,0.811500,0.118219
770,12,4,5,1,8,4,4.110602,8.008536,0.925816,0.193207
771,12,5,1,1,15,4,2.552253,29.920443,0.742753,0.384928
772,12,5,2,1,11,4,3.258824,28.970985,0.779776,0.517282
773,12,5,3,1,11,4,3.336235,28.277024,0.746545,0.582083
774,12,5,4,1,10,4,3.832264,28.201926,0.718634,0.617864
775,12,5,5,1,9,4,2.707222,21.529700,0.815158,0.234609
776,12,1,1,2,5,4,4.684889,10.802632,0.827082,0.083573
777,12,1,2,2,5,4,5.529478,4.160947,0.832166,0.091623
778,12,1,3,2,6,4,4.867024,-1.758203,0.807219,0.044784
779,12,1,4,2,7,4,3.587483,-13.042526,0.791617,0.028757
780,12,1,5,2,5,4,4.154160,-3.305257,0.861643,0.041033
781,12,2,1,2,6,4,6.150363,8.231932,0.781009,0.096390
782,12,2,2,2,5,4,3.464620,2.946730,0.844416,0.069833
783,12,2,3,2,7,4,1.727953,-5.855923,0.786433,0.024598
784,12,2,4,2,5,4,1.006113,-3.661050,0.856108,0.058521
785,12,2,5,2,4,4,1.215463,-4.151976,0.804471,0.010519
786,12,3,1,2,6,4,3.570535,6.067739,0.874842,0.051727
787,12,3,2,2,5,4,8.129064,0.127463,0.797041,0.015549
788,12,3,3,2,6,4,0.411027,1.140521,0.825702,0.033777
789,12,3,4,2,7,4,0.807662,-6.193448,0.808988,0.025244
790,12,3,5,2,5,4,6.365237,-6.535827,0.817508,0.072723
791,12,4,1,2,8,4,11.664042,16.928419,0.816414,0.049769
792,12,4,2,2,6,5,4.025161,-1.032747,0.787377,-0.022829
793,12,4,3,2,5,4,0.000000,-1.718959,0.764761,0.007634
794,12,4,4,2,6,4,4.508000,-5.677814,0.814340,0.001486
795,12,4,5,2,5,4,1.887165,-6.589947,0.817222,0.045170
796,12,5,1,2,5,4,3.645848,11.067310,0.771184,0.047602
797,12,5,2,2,6,4,3.010015,-1.370779,0.868366,0.020318
798,12,5,3,2,4,4,3.685317,1.501325,0.859952,0.068459
799,12,5,4,2,6,4,1.205605,-6.808056,0.820973,0.056179
800,12,5,5,2,5,4,4.708688,-3.062763,0.898758,0.044495
801,12,1,1,3,10,10,2.721136,24.650308,0.783405,0.095868
802,12,1,2,3,11,10,2.761744,32.345409,0.808095,0.111728
803,12,1,3,3,10,10,2.371528,21.158808,0.772728,0.132594
804,12,1,4,3,10,4,2.623499,31.222688,0.776793,0.449883
805,12,1,5,3,10,5,3.615447,19.771259,0.789572,0.328051
806,12,2,1,3,8,10,1.141717,25.606092,0.802933,0.269410
807,12,2,2,3,8,10,1.788198,12.568115,0.796977,0.263357
808,12,2,3,3,7,7,2.394258,12.078628,0.796319,0.293201
809,12,2,4,3,9,4,3.013189,18.007518,0.751489,0.399588
810,12,2,5,3,10,7,3.473944,18.015363,0.733133,0.151118
811,12,3,1,3,10,10,2.271172,14.849711,0.813519,0.319708
812,12,3,2,3,11,10,2.735422,12.008550,0.751001,0.385234
813,12,3,3,3,11,5,3.812486,27.957292,0.821765,0.295996
814,12,3,4,3,10,5,4.873741,20.601672,0.787544,0.363037
815,12,3,5,3,8,4,5.639421,-11.868939,0.812708,0.091737
816,12,4,1,3,10,10,1.690762,26.726669,0.820633,0.336770
817,12,4,2,3,12,10,2.033553,29.519558,0.820032,0.399122
818,12,4,3,3,12,5,2.704135,22.138220,0.864461,0.206246
819,12,4,4,3,6,4,2.637370,4.416170,0.878196,0.270901
820,12,4,5,3,9,4,3.455178,2.454860,0.904880,0.185452
821,12,5,1,3,12,7,2.847550,42.939127,0.786966,0.201792
822,12,5,2,3,13,10,2.393548,20.643614,0.800359,0.162559
823,12,5,3,3,16,10,2.193137,25.173943,0.856978,0.077688
824,12,5,4,3,15,5,3.998217,23.288931,0.754789,0.373319
825,12,5,5,3,5,4,3.762946,-3.321487,0.851979,0.109782
826,13,1,1,1,8,6,2.534470,22.105669,0.701102,0.181161
827,13,1,2,1,10,5,4.507795,26.017746,0.774774,0.175009
828,13,1,3,1,14,5,3.302988,24.653675,0.779709,0.274408
829,13,1,4,1,17,5,3.908347,25.102346,0.771396,0.226423
830,13,1,5,1,10,5,3.481495,20.349448,0.793029,0.056673
831,13,2,1,1,12,9,4.040313,18.976050,0.765635,0.204573
832,13,2,2,1,9,4,3.794994,28.373351,0.781449,0.536497
833,13,2,3,1,12,5,3.330715,24.583673,0.788937,0.324251
834,13,2,4,1,11,4,3.492543,26.098876,0.782587,0.455871
835,13,2,5,1,10,4,4.359977,23.363745,0.835862,0.228856
836,13,3,1,1,10,5,4.077723,28.871427,0.801878,0.418278
837,13,3,2,1,16,4,2.934130,28.714223,0.848771,0.276814
838,13,3,3,1,13,5,3.621462,28.129451,0.781955,0.366933
839,13,3,4,1,12,4,3.781690,31.236710,0.761832,0.512289
840,13,3,5,1,10,5,4.551467,24.642338,0.774044,0.129503
841,13,4,1,1,12,6,4.622606,25.974673,0.768665,0.401020
842,13,4,2,1,11,5,3.698565,29.516258,0.757654,0.331768
843,13,4,3,1,11,5,4.141317,29.778199,0.766211,0.420631
844,13,4,4,1,11,5,2.711770,31.656811,0.741822,0.367706
845,13,4,5,1,12,4,3.070947,27.130302,0.840113,0.200860
846,13,5,1,1,7,6,4.069047,16.548101,0.721260,0.280178
847,13,5,2,1,10,4,3.028817,28.685941,0.769004,0.443153
848,13,5,3,1,13,6,5.205023,27.029033,0.788847,0.185537
849,13,5,4,1,16,5,3.783325,25.099832,0.778901,0.312875
850,13,5,5,1,8,4,2.682667,22.173463,0.784429,0.324037
851,13,1,1,2,8,5,4.740447,22.714822,0.789993,0.050422
852,13,1,2,2,8,4,4.077165,15.898295,0.811790,0.134661
853,13,1,3,2,7,4,2.739918,8.138054,0.814742,0.128713
854,13,1,4,2,6,4,4.852022,6.496045,0.744361,0.120339
855,13,1,5,2,8,4,3.295110,-15.604754,0.853176,0.141786
856,13,2,1,2,4,4,4.941803,1.953802,0.839920,0.065045
857,13,2,2,2,5,5,2.249572,3.501910,0.805263,0.026052
858,13,2,3,2,9,4,4.533006,8.226215,0.816394,0.010243
859,13,2,4,2,7,4,4.454926,3.613160,0.824346,0.086148
860,13,2,5,2,6,7,2.615376,-1.625008,0.852106,0.004726
861,13,3,1,2,6,4,2.824905,6.797925,0.830892,0.077031
862,13,3,2,2,8,4,3.141343,8.177237,0.832465,0.059928
863,13,3,3,2,7,4,3.038523,-0.545607,0.868737,0.044807
864,13,3,4,2,6,4,3.694562,6.715642,0.723306,0.184887
865,13,3,5,2,7,4,6.642720,5.009482,0.842813,0.098555
866,13,4,1,2,5,5,-0.000000,1.965239,0.724928,0.000938
867,13,4,2,2,13,4,2.131484,22.869325,0.865430,0.058015
868,13,4,3,2,8,4,3.038110,8.293186,0.868509,0.076588
869,13,4,4,2,10,4,3.929478,15.418608,0.787683,0.098590
870,13,4,5,2,5,4,2.650647,-3.011671,0.852433,0.097588
871,13,5,1,2,10,4,4.750784,23.514183,0.821988,0.135184
872,13,5,2,2,6,4,2.919260,9.217477,0.802067,0.171283
873,13,5,3,2,9,4,3.055739,11.944435,0.870903,0.058334
874,13,5,4,2,12,4,3.985447,13.882836,0.769810,0.053832
875,13,5,5,2,7,5,3.039540,-0.314936,0.805618,0.048050
876,13,1,1,3,7,4,2.433527,21.322240,0.816483,0.454405
877,13,1,2,3,7,4,3.407682,17.438701,0.778700,0.433601
878,13,1,3,3,15,5,3.609963,25.635768,0.846241,0.265746
879,13,1,4,3,7,4,3.440811,16.312148,0.915255,0.336850
880,13,1,5,3,6,4,5.536726,9.124461,0.879791,0.145806
881,13,2,1,3,5,10,2.817279,9.015118,0.839844,0.134192
882,13,2,2,3,4,4,3.773332,14.459434,0.838228,0.199201
883,13,2,3,3,9,4,2.728254,27.194591,0.842961,0.287549
884,13,2,4,3,9,4,3.362135,23.667854,0.825515,0.394754
885,13,2,5,3,9,4,4.174643,20.987866,0.829309,0.246689
886,13,3,1,3,5,6,2.929094,10.706338,0.787443,0.111667
887,13,3,2,3,6,4,3.221190,13.830873,0.841897,0.335563
888,13,3,3,3,5,4,3.320481,12.177176,0.782296,0.437823
889,13,3,4,3,9,5,3.484782,17.503669,0.851388,0.285704
890,13,3,5,3,9,4,3.542540,24.060870,0.805382,0.267804
891,13,4,1,3,4,4,3.092913,19.357925,0.788419,0.116291
892,13,4,2,3,11,4,3.033621,26.831376,0.764501,0.403499
893,13,4,3,3,4,4,2.299128,19.368406,0.813140,0.471579
894,13,4,4,3,11,4,3.644428,25.637780,0.862084,0.185634
895,13,4,5,3,11,4,2.700913,23.481576,0.794126,0.138029
896,13,5,1,3,5,4,2.717283,18.839855,0.792989,0.435128
897,13,5,2,3,7,4,3.161905,16.681679,0.786289,0.415609
898,13,5,3,3,6,4,2.521257,15.865131,0.822250,0.483608
899,13,5,4,3,10,4,3.753736,22.442398,0.819423,0.339691
900,13,5,5,3,11,4,3.334887,28.856071,0.832909,0.146878
901,14,1,1,1,7,5,3.057341,18.498738,0.783774,0.328023
902,14,1,2,1,8,4,3.983997,22.747007,0.770265,0.178914
903,14,1,3,1,9,4,3.504161,26.107929,0.790813,0.296003
904,14,1,4,1,8,4,4.091842,20.097112,0.876191,0.148815
905,14,1,5,1,7,4,4.249883,10.289440,0.743379,0.160929
906,14,2,1,1,17,5,2.693230,33.357651,0.853025,0.184423
907,14,2,2,1,12,4,3.774470,28.423295,0.746278,0.527665
908,14,2,3,1,10,4,2.863470,27.283209,0.744587,0.111650
909,14,2,4,1,12,4,4.387879,22.415358,0.750527,0.069261
910,14,2,5,1,5,4,3.975989,-0.541056,0.729618,0.102621
911,14,3,1,1,12,5,2.797008,26.875732,0.834687,0.253877
912,14,3,2,1,10,5,3.634956,28.133847,0.815444,0.239567
913,14,3,3,1,11,5,3.771144,32.518030,0.792312,0.338009
914,14,3,4,1,15,6,3.911772,29.852585,0.745398,0.372852
915,14,3,5,1,9,4,3.479502,26.635655,0.757022,0.430979
916,14,4,1,1,6,4,2.633131,12.535452,0.872757,0.190920
917,14,4,2,1,6,4,4.082685,11.723966,0.768264,0.171070
918,14,4,3,1,8,4,4.862950,20.973916,0.768013,0.168932
919,14,4,4,1,12,4,4.034746,24.093936,0.726194,0.107538
920,14,4,5,1,7,4,4.278035,9.172354,0.751226,0.089570
921,14,5,1,1,10,5,3.765998,29.356883,0.801131,0.250457
922,14,5,2,1,11,4,3.205254,28.672106,0.737115,0.138041
923,14,5,3,1,7,4,4.776904,19.149593,0.780783,0.253667
924,14,5,4,1,8,4,4.861537,20.891353,0.747535,0.189103
925,14,5,5,1,7,4,5.364134,6.201303,0.799783,0.131756
926,14,1,1,2,17,4,3.820786,26.347612,0.788384,0.190047
927,14,1,2,2,7,4,3.437670,11.621562,0.876877,0.142206
928,14,1,3,2,5,4,2.853068,-0.410667,0.880800,0.073159
929,14,1,4,2,8,4,4.992442,-16.786985,0.773832,0.045617
930,14,1,5,2,9,4,2.851290,-15.201543,0.798684,0.044783
931,14,2,1,2,6,4,2.550824,10.131570,0.802264,0.239050
932,14,2,2,2,6,4,3.817419,5.037421,0.801998,0.043951
933,14,2,3,2,6,4,11.270628,3.561883,0.805064,0.069051
934,14,2,4,2,5,4,2.453620,-9.568741,0.811931,0.059347
935,14,2,5,2,7,4,3.639510,-9.354630,0.800854,0.039682
936,14,3,1,2,5,6,2.455305,5.767562,0.798216,0.272381
937,14,3,2,2,7,6,1.893487,7.859244,0.821840,0.059793
938,14,3,3,2,5,4,4.333932,3.256330,0.783390,0.073730
939,14,3,4,2,7,4,4.323934,1.530810,0.832958,0.130849
940,14,3,5,2,7,3,2.682019,-36.824205,0.839210,0.505007
941,14,4,1,2,8,4,3.621796,4.751707,0.889995,0.182304
942,14,4,2,2,9,4,5.757658,5.354169,0.830815,0.057881
943,14,4,3,2,5,4,3.837281,-3.145251,0.893356,0.092406
944,14,4,4,2,7,4,7.254720,-8.558104,0.833357,0.019382
945,14,4,5,2,7,5,3.488407,-5.276314,0.838596,0.009693
946,14,5,1,2,6,4,3.063172,9.726310,0.777860,0.168102
947,14,5,2,2,8,4,5.382304,16.343033,0.832606,0.129118
948,14,5,3,2,5,4,3.773963,-2.060939,0.884219,0.032633
949,14,5,4,2,5,4,4.557569,-3.448862,0.832976,0.120462
950,14,5,5,2,5,4,9.555373,-2.831123,0.793043,0.016458
951,14,1,1,3,8,5,2.384074,22.317423,0.742487,0.259525
952,14,1,2,3,9,4,5.709086,26.451376,0.795673,0.159439
953,14,1,3,3,7,4,4.430094,14.295717,0.747631,0.096856
954,14,1,4,3,8,4,5.869624,-15.513762,0.821197,0.053822
955,14,1,5,3,5,4,3.009708,-3.276235,0.762245,0.057560
956,14,2,1,3,10,4,4.302444,25.718030,0.836849,0.316811
957,14,2,2,3,5,4,3.992319,6.502425,0.735737,0.034582
958,14,2,3,3,5,4,2.672628,5.266342,0.763229,0.125950
959,14,2,4,3,7,4,8.835795,-9.036397,0.791203,0.033166
960,14,2,5,3,8,4,3.645211,-9.095531,0.775332,0.046458
961,14,3,1,3,15,9,1.878092,32.165099,0.803305,0.228314
962,14,3,2,3,16,8,2.474295,30.858339,0.791724,0.351577
963,14,3,3,3,15,9,3.221373,26.318410,0.763517,0.163633
964,14,3,4,3,15,9,3.709959,8.320571,0.735884,0.277079
965,14,3,5,3,12,5,3.012275,19.539719,0.735152,0.365433
966,14,4,1,3,5,4,1.609739,8.332962,0.804982,0.036763
967,14,4,2,3,8,4,4.300456,18.551849,0.801018,0.073070
968,14,4,3,3,5,4,1.742131,5.844719,0.785971,0.054286
969,14,4,4,3,5,4,5.245591,-2.836957,0.706601,0.067239
970,14,4,5,3,5,4,4.051880,-2.981260,0.799476,0.048038
971,14,5,1,3,8,6,2.472263,17.974780,0.751647,0.054795
972,14,5,2,3,9,4,3.099908,25.489302,0.757157,0.100419
973,14,5,3,3,7,4,4.597160,10.769059,0.808879,0.082293
974,14,5,4,3,6,4,3.139620,-2.871967,0.730573,0.054645
975,14,5,5,3,6,4,3.561179,-5.509488,0.720205,0.064935
976,15,1,1,1,10,5,4.037860,30.404543,0.730195,0.444185
977,15,1,2,1,6,5,3.091979,9.543661,0.697189,0.269206
978,15,1,3,1,10,5,3.647854,28.454907,0.761003,0.096740
979,15,1,4,1,14,5,3.903132,28.839225,0.746512,0.244676
980,15,1,5,1,11,4,3.314550,34.585329,0.750995,0.481919
981,15,2,1,1,13,4,3.784578,29.334436,0.702613,0.367584
982,15,2,2,1,7,4,4.058281,17.369122,0.833774,0.217021
983,15,2,3,1,11,4,5.140443,25.483005,0.799770,0.099280
984,15,2,4,1,7,4,4.128191,14.548511,0.735672,0.103822
985,15,2,5,1,7,4,2.393061,-17.670310,0.760204,0.086498
986,15,3,1,1,12,5,3.463171,26.094390,0.803789,0.409280
987,15,3,2,1,10,5,4.310935,27.388340,0.765529,0.144048
988,15,3,3,1,12,4,4.074071,28.372389,0.783770,0.240074
989,15,3,4,1,7,4,2.464225,18.781724,0.783464,0.160754
990,15,3,5,1,8,4,5.414233,-2.867844,0.774075,0.089123
991,15,4,1,1,15,4,3.281565,32.598227,0.794002,0.287344
992,15,4,2,1,9,4,3.220235,25.911661,0.823921,0.181714
993,15,4,3,1,7,4,4.658595,16.786469,0.824515,0.188954
994,15,4,4,1,12,4,5.221952,26.031365,0.824641,0.190000
995,15,4,5,1,12,4,2.656656,17.430437,0.851076,0.123923
996,15,5,1,1,5,4,2.736395,11.623229,0.723728,0.244980
997,15,5,2,1,6,4,3.080930,11.905736,0.716964,0.364388
998,15,5,3,1,9,5,3.524377,26.041444,0.729392,0.306117
999,15,5,4,1,8,4,3.705735,22.998268,0.762290,0.575692
1000,15,5,5,1,11,4,3.122891,33.199096,0.731701,0.528103
1001,15,1,1,2,7,5,3.149040,14.233485,0.831804,0.278200
1002,15,1,2,2,5,4,3.554202,12.671151,0.866069,0.137015
1003,15,1,3,2,8,9,2.468457,4.617367,0.832516,0.019305
1004,15,1,4,2,5,4,2.603472,10.439410,0.915575,0.225544
1005,15,1,5,2,8,4,3.805750,3.704764,0.894326,0.129076
1006,15,2,1,2,7,5,4.675429,7.410920,0.810044,0.100332
1007,15,2,2,2,6,4,3.911807,-3.047652,0.868985,0.060566
1008,15,2,3,2,5,4,2.925255,3.592157,0.816958,0.084410
1009,15,2,4,2,4,4,3.524157,-6.416087,0.859709,0.011482
1010,15,2,5,2,6,4,10.709708,-4.677701,0.878591,0.037156
1011,15,3,1,2,8,4,3.003623,15.497946,0.860521,0.279062
1012,15,3,2,2,6,4,3.988457,0.234546,0.872233,0.078689
1013,15,3,3,2,9,4,2.592198,11.031627,0.854974,0.247055
1014,15,3,4,2,7,4,2.128910,0.913978,0.774929,0.103356
1015,15,3,5,2,7,4,5.064607,-10.261763,0.798889,0.001774
1016,15,4,1,2,8,6,2.913460,15.132705,0.827705,0.213009
1017,15,4,2,2,2,3,2.737221,44.203157,0.829843,0.225793
1018,15,4,3,2,7,4,3.575254,18.467948,0.771922,0.368309
1019,15,4,4,2,10,4,4.685121,17.927416,0.862930,0.313640
1020,15,4,5,2,8,4,2.565663,-5.289711,0.870701,0.107369
1021,15,5,1,2,8,4,7.987329,24.482725,0.762596,0.013684
1022,15,5,2,2,5,4,2.216629,8.310447,0.782998,0.187392
1023,15,5,3,2,8,4,3.071849,18.990637,0.805273,0.305896
1024,15,5,4,2,5,4,3.761397,4.937743,0.867750,0.206129
1025,15,5,5,2,7,4,3.041880,-4.759941,0.839851,0.109462
1026,15,1,1,3,10,4,2.791675,25.702118,0.841584,0.303410
1027,15,1,2,3,14,4,2.646012,32.318324,0.848788,0.301950
1028,15,1,3,3,11,5,3.547344,23.536615,0.832549,0.222925
1029,15,1,4,3,12,4,2.493570,23.540634,0.833802,0.178910
1030,15,1,5,3,12,4,3.182853,12.949816,0.872034,0.269144
1031,15,2,1,3,11,5,3.673187,18.103236,0.850896,0.026568
1032,15,2,2,3,6,4,4.286271,0.359124,0.794597,0.083235
1033,15,2,3,3,8,4,1.709229,9.464524,0.768554,0.039255
1034,15,2,4,3,5,4,1.407462,-8.305216,0.841075,0.034892
1035,15,2,5,3,6,4,2.666711,-5.557627,0.785689,0.038252
1036,15,3,1,3,9,7,2.440318,11.969596,0.853223,0.116640
1037,15,3,2,3,9,5,3.633146,16.814225,0.857055,0.117547
1038,15,3,3,3,7,4,2.863168,13.302148,0.799251,0.149948
1039,15,3,4,3,7,4,2.628523,5.359126,0.833238,0.159048
1040,15,3,5,3,5,4,11.491545,-4.784138,0.855123,0.044963
1041,15,4,1,3,10,4,2.588523,18.257315,0.841581,0.069510
1042,15,4,2,3,17,4,2.558390,25.237991,0.841534,0.119614
1043,15,4,3,3,11,4,2.888478,17.994538,0.826369,0.085199
1044,15,4,4,3,17,4,2.658541,16.254104,0.833961,0.149387
1045,15,4,5,3,18,3,2.778329,18.781304,0.863677,0.432985
1046,15,5,1,3,9,4,2.910893,21.225061,0.853871,0.237723
1047,15,5,2,3,17,4,3.279298,23.300080,0.840595,0.337636
1048,15,5,3,3,17,4,3.245748,22.000059,0.823115,0.333768
1049,15,5,4,3,19,4,2.732764,13.043848,0.836149,0.208291
1050,15,5,5,3,6,4,2.814955,5.658943,0.865749,0.321357
1051,16,1,1,1,6,4,3.250614,13.899320,0.714640,0.175354
1052,16,1,2,1,7,5,2.659844,16.973947,0.737230,0.079158
1053,16,1,3,1,7,4,3.177504,18.006426,0.742906,0.194885
1054,16,1,4,1,9,4,2.536572,16.794375,0.746644,0.120841
1055,16,1,5,1,7,4,5.635407,8.931187,0.785158,0.127981
1056,16,2,1,1,10,4,4.499047,26.910437,0.786353,0.072777
1057,16,2,2,1,10,4,2.827534,27.385118,0.766611,0.093228
1058,16,2,3,1,7,4,3.488840,15.680637,0.820360,0.109178
1059,16,2,4,1,5,4,4.861013,1.061745,0.769962,0.095256
1060,16,2,5,1,7,4,3.012268,2.731314,0.725863,0.075818
1061,16,3,1,1,6,4,4.552288,11.536709,0.692615,0.145847
1062,16,3,2,1,10,4,3.823731,27.861909,0.832828,0.223968
1063,16,3,3,1,9,4,3.161180,24.957970,0.806790,0.130115
1064,16,3,4,1,6,4,1.829258,8.045584,0.742629,0.115978
1065,16,3,5,1,7,4,4.567083,3.921994,0.705528,0.118686
1066,16,4,1,1,7,4,4.859708,19.069167,0.768726,0.134708
1067,16,4,2,1,7,4,4.476885,18.595611,0.720279,0.113440
1068,16,4,3,1,6,4,3.502063,10.400408,0.809145,0.153263
1069,16,4,4,1,7,4,3.991726,16.365250,0.787170,0.142335
1070,16,4,5,1,7,4,2.569195,10.897205,0.785698,0.097465
1071,16,5,1,1,6,4,2.916943,15.786257,0.712135,0.166263
1072,16,5,2,1,7,4,3.142928,17.860272,0.730883,0.221743
1073,16,5,3,1,8,4,2.976012,21.081882,0.767611,0.088385
1074,16,5,4,1,7,4,3.613848,8.135175,0.793570,0.123074
1075,16,5,5,1,9,4,4.904959,21.476741,0.830802,0.237928
1076,16,1,1,2,7,5,1.072461,10.607539,0.805057,-0.003508
1077,16,1,2,2,7,5,3.856615,8.902204,0.778902,0.056083
1078,16,1,3,2,5,4,2.926648,4.684500,0.787844,0.047682
1079,16,1,4,2,7,4,3.073946,-6.786208,0.828322,0.124888
1080,16,1,5,2,5,4,6.255905,-4.244859,0.813671,0.044596
1081,16,2,1,2,6,4,7.719929,4.427789,0.828581,0.049869
1082,16,2,2,2,4,4,5.161737,-0.689423,0.749476,0.019864
1083,16,2,3,2,6,4,6.192776,-3.943527,0.841750,0.103990
1084,16,2,4,2,6,4,3.167964,-3.745125,0.824090,0.027912
1085,16,2,5,2,5,4,1.182956,-2.495710,0.811225,0.016887
1086,16,3,1,2,9,4,4.055669,4.240672,0.790629,0.057024
1087,16,3,2,2,5,4,4.265997,2.385112,0.802601,0.080292
1088,16,3,3,2,8,4,1.864013,1.041644,0.861563,0.054549
1089,16,3,4,2,8,4,4.592857,-9.311594,0.792099,0.036572
1090,16,3,5,2,9,3,1.718399,-13.227227,0.897998,0.198158
1091,16,4,1,2,5,4,6.521903,2.533273,0.810966,0.042612
1092,16,4,2,2,6,4,4.667240,-0.692730,0.779578,0.046521
1093,16,4,3,2,6,4,4.658773,-0.494691,0.802855,0.037078
1094,16,4,4,2,7,4,1.782760,-6.574205,0.823464,0.035162
1095,16,4,5,2,7,4,3.814176,-6.482602,0.853170,0.058690
1096,16,5,1,2,5,7,3.557337,-2.517264,0.813995,-0.018564
1097,16,5,2,2,5,4,2.883482,4.852592,0.823801,0.080586
1098,16,5,3,2,4,4,5.414313,1.274904,0.821049,0.105365
1099,16,5,4,2,6,4,4.350173,-3.233405,0.861531,0.068623
1100,16,5,5,2,4,4,6.687637,-3.453444,0.762495,0.045772
1101,16,1,1,3,6,4,1.814918,12.213267,0.790106,0.068797
1102,16,1,2,3,7,4,4.418600,17.414253,0.784302,0.095995
1103,16,1,3,3,5,4,2.938780,11.335898,0.823293,0.256511
1104,16,1,4,3,12,4,3.272808,21.413945,0.854154,0.351829
1105,16,1,5,3,13,4,3.814532,20.382392,0.872668,0.377272
1106,16,2,1,3,7,4,3.845414,14.031717,0.855455,0.078060
1107,16,2,2,3,7,4,3.072647,13.808773,0.780761,0.132699
1108,16,2,3,3,7,4,2.888914,9.650845,0.859318,0.120323
1109,16,2,4,3,8,4,2.149560,-4.384466,0.811530,0.076793
1110,16,2,5,3,7,4,3.434363,-13.269900,0.817281,0.140826
1111,16,3,1,3,7,4,3.874818,12.497586,0.892880,0.204820
1112,16,3,2,3,6,4,2.718758,7.267372,0.812755,0.108853
1113,16,3,3,3,8,4,3.070356,16.687334,0.863926,0.359044
1114,16,3,4,3,16,4,2.768670,15.373563,0.858017,0.341928
1115,16,3,5,3,14,4,2.965648,18.818670,0.879739,0.078612
1116,16,4,1,3,5,4,6.840792,7.766278,0.859505,0.142407
1117,16,4,2,3,6,5,2.439805,7.856454,0.733548,0.062908
1118,16,4,3,3,9,4,2.987433,12.851706,0.901717,0.063161
1119,16,4,4,3,6,4,2.641947,-1.275658,0.827030,0.095561
1120,16,4,5,3,11,4,2.400203,-23.037214,0.846722,0.061670
1121,16,5,1,3,7,4,1.946423,16.614376,0.821551,0.097424
1122,16,5,2,3,8,4,3.873261,13.808750,0.823034,0.132535
1123,16,5,3,3,17,4,4.207023,17.455109,0.822339,0.220167
1124,16,5,4,3,15,4,3.884410,20.747830,0.865737,0.341179
1125,16,5,5,3,10,4,3.287001,19.566934,0.878659,0.271189
1126,17,1,1,1,12,5,3.724507,22.384994,0.721427,0.319245
1127,17,1,2,1,14,9,4.382829,14.148666,0.700389,0.192099
1128,17,1,3,1,12,10,3.229444,13.238207,0.734341,0.160529
1129,17,1,4,1,14,10,3.013798,16.414122,0.783294,0.195808
1130,17,1,5,1,12,10,2.799482,11.790799,0.777008,0.160605
1131,17,2,1,1,13,10,1.901896,13.841124,0.768315,0.174381
1132,17,2,2,1,13,10,2.207510,14.257237,0.733470,0.171701
1133,17,2,3,1,13,10,2.619742,13.413218,0.739984,0.177359
1134,17,2,4,1,19,10,3.595308,14.201487,0.751488,0.295309
1135,17,2,5,1,18,10,3.150697,11.210186,0.800860,0.277660
1136,17,3,1,1,14,10,1.908097,17.726322,0.749141,0.201104
1137,17,3,2,1,14,10,1.946874,12.713569,0.754895,0.201465
1138,17,3,3,1,14,10,1.983668,14.000073,0.736910,0.195371
1139,17,3,4,1,10,10,2.528197,13.354861,0.739036,0.131167
1140,17,3,5,1,18,10,1.871052,13.914208,0.731070,0.275270
1141,17,4,1,1,14,10,1.750687,11.223374,0.770507,0.198393
1142,17,4,2,1,14,10,1.821310,12.446256,0.747671,0.192606
1143,17,4,3,1,14,10,2.024464,12.758131,0.785554,0.192745
1144,17,4,4,1,13,10,3.144727,9.622837,0.773569,0.177819
1145,17,4,5,1,18,10,2.376085,9.926699,0.800273,0.270150
1146,17,5,1,1,12,10,4.041917,13.144301,0.721693,0.161851
1147,17,5,2,1,14,10,3.583257,14.352174,0.722228,0.195511
1148,17,5,3,1,12,10,2.678979,11.828996,0.760169,0.160544
1149,17,5,4,1,14,10,2.976448,13.887419,0.784855,0.196069
1150,17,5,5,1,12,10,2.421246,13.745123,0.778769,0.160605
1151,17,1,1,2,8,4,4.978835,16.176220,0.828396,0.153560
1152,17,1,2,2,8,4,7.104121,17.936229,0.759731,0.025736
1153,17,1,3,2,7,4,2.120370,7.480923,0.816053,0.125606
1154,17,1,4,2,7,4,3.120700,-7.629577,0.862289,0.054081
1155,17,1,5,2,7,4,3.623593,-7.802915,0.865205,0.028805
1156,17,2,1,2,4,4,3.487094,6.557264,0.922040,0.345866
1157,17,2,2,2,10,5,3.775958,13.939123,0.862489,0.173363
1158,17,2,3,2,5,4,4.908543,1.426109,0.877227,0.082696
1159,17,2,4,2,6,4,3.073663,-4.275822,0.828005,0.031393
1160,17,2,5,2,5,3,4.333342,-4.568448,0.809180,0.204400
1161,17,3,1,2,6,5,3.290701,2.409908,0.871926,0.231987
1162,17,3,2,2,7,4,3.342432,14.200382,0.872735,0.273457
1163,17,3,3,2,11,4,2.659082,13.424880,0.850873,0.174537
1164,17,3,4,2,5,4,4.279213,-5.492288,0.829781,0.095521
1165,17,3,5,2,6,4,8.493383,-4.559696,0.827985,0.111262
1166,17,4,1,2,7,4,2.870514,11.232837,0.903933,0.352440
1167,17,4,2,2,7,4,3.432263,8.999859,0.923352,0.299490
1168,17,4,3,2,5,4,5.871734,1.910501,0.769707,0.015114
1169,17,4,4,2,5,4,5.783976,-3.641267,0.829806,0.047325
1170,17,4,5,2,10,4,3.685496,-14.067311,0.859885,0.013834
1171,17,5,1,2,8,5,5.328461,12.506476,0.846715,0.032292
1172,17,5,2,2,9,4,3.407259,17.739641,0.760742,0.030819
1173,17,5,3,2,6,4,4.502543,7.527560,0.788708,0.075525
1174,17,5,4,2,4,3,3.058354,-5.960286,0.877876,0.311594
1175,17,5,5,2,6,5,4.464888,-6.059365,0.835049,0.030516
1176,17,1,1,3,6,4,3.102363,8.170053,0.863959,0.189162
1177,17,1,2,3,7,4,2.590517,15.309622,0.841180,0.107337
1178,17,1,3,3,8,4,7.035015,23.644969,0.778567,0.131025
1179,17,1,4,3,6,4,2.641660,4.855243,0.775560,0.064566
1180,17,1,5,3,6,4,5.247180,-6.590904,0.841087,0.054773
1181,17,2,1,3,12,4,3.339297,19.484164,0.881073,0.243214
1182,17,2,2,3,10,4,4.792444,18.258907,0.845653,0.126456
1183,17,2,3,3,9,4,2.183923,18.666436,0.825530,0.101938
1184,17,2,4,3,7,4,3.820937,5.844656,0.761984,0.041737
1185,17,2,5,3,6,4,3.690124,-3.312791,0.835500,0.061005
1186,17,3,1,3,8,4,3.128293,16.885314,0.790382,0.120047
1187,17,3,2,3,9,4,2.878696,24.896578,0.752675,0.135710
1188,17,3,3,3,6,4,9.714402,9.230213,0.819535,0.043523
1189,17,3,4,3,6,4,5.180979,-7.988754,0.850300,0.089788
1190,17,3,5,3,8,4,1.878582,-9.367554,0.818830,0.055279
1191,17,4,1,3,6,4,4.544923,11.659435,0.789297,0.122590
1192,17,4,2,3,10,4,3.406526,27.315371,0.856318,0.228951
1193,17,4,3,3,8,4,2.574458,15.128304,0.816765,0.066583
1194,17,4,4,3,6,4,3.574330,0.078481,0.875283,0.158809
1195,17,4,5,3,10,4,3.860795,3.100566,0.882283,0.168693
1196,17,5,1,3,12,4,2.780861,25.080000,0.848729,0.072212
1197,17,5,2,3,8,4,2.765688,15.198251,0.836286,0.104565
1198,17,5,3,3,12,4,5.246216,20.053189,0.802680,0.045042
1199,17,5,4,3,8,4,3.877240,9.328943,0.800545,0.099292
1200,17,5,5,3,9,4,4.801128,-12.501877,0.880918,0.087354
1201,18,1,1,1,8,5,5.445906,21.355908,0.808531,0.014740
1202,18,1,2,1,5,5,2.319654,7.612211,0.795465,0.027849
1203,18,1,3,1,8,4,3.223409,22.847423,0.781034,0.239297
1204,18,1,4,1,8,4,4.370598,20.956081,0.855600,0.127972
1205,18,1,5,1,8,4,2.832036,8.446555,0.871114,0.148359
1206,18,2,1,1,8,4,3.650931,22.449382,0.828045,0.185757
1207,18,2,2,1,11,4,3.014496,26.097076,0.841479,0.187750
1208,18,2,3,1,8,4,4.712353,20.598558,0.808685,0.120327
1209,18,2,4,1,9,4,4.428476,11.056169,0.871321,0.155891
1210,18,2,5,1,13,4,4.108696,1.433697,0.899913,0.191610
1211,18,3,1,1,9,4,3.862392,23.916613,0.878734,0.381707
1212,18,3,2,1,12,4,3.431746,29.084801,0.853599,0.198730
1213,18,3,3,1,7,4,4.001885,18.084417,0.795276,0.174588
1214,18,3,4,1,10,4,4.169783,17.648698,0.890236,0.171943
1215,18,3,5,1,11,4,4.353892,8.818440,0.872120,0.186066
1216,18,4,1,1,13,4,2.831564,27.290923,0.863958,0.352932
1217,18,4,2,1,10,4,1.724401,28.443089,0.859349,0.227887
1218,18,4,3,1,6,4,3.754434,11.764458,0.711322,0.112940
1219,18,4,4,1,8,4,4.410993,20.855618,0.787768,0.121715
1220,18,4,5,1,9,4,3.929041,6.262385,0.838279,0.096559
1221,18,5,1,1,8,5,5.161083,21.309260,0.803933,0.011727
1222,18,5,2,1,6,4,2.768353,13.154298,0.772906,0.135585
1223,18,5,3,1,9,5,3.015817,23.696163,0.771906,0.096440
1224,18,5,4,1,8,4,3.444861,20.155519,0.804069,0.131079
1225,18,5,5,1,8,4,4.580800,13.244053,0.863513,0.193978
1226,18,1,1,2,7,4,9.494713,10.124149,0.776061,0.015785
1227,18,1,2,2,8,4,3.489961,18.884156,0.790398,0.035738
1228,18,1,3,2,8,3,2.914010,17.388047,0.842394,0.355318
1229,18,1,4,2,4,4,3.584975,1.601827,0.838761,0.128668
1230,18,1,5,2,5,4,3.865985,-4.697371,0.880573,0.152017
1231,18,2,1,2,6,4,3.158564,10.128071,0.877484,0.194657
1232,18,2,2,2,6,4,3.951813,7.563638,0.841437,0.278440
1233,18,2,3,2,7,4,3.991646,7.562056,0.831895,0.023455
1234,18,2,4,2,5,4,8.123806,-2.047322,0.881557,0.057945
1235,18,2,5,2,6,4,4.922608,-4.296704,0.838515,0.071789
1236,18,3,1,2,7,4,2.889923,12.335503,0.866183,0.190485
1237,18,3,2,2,5,4,3.002478,5.135574,0.799004,0.176606
1238,18,3,3,2,8,4,3.209390,10.300386,0.785571,0.035288
1239,18,3,4,2,6,5,3.670366,-2.054414,0.864493,0.017976
1240,18,3,5,2,7,5,1.424407,3.115773,0.897586,0.132808
1241,18,4,1,2,9,5,2.176114,24.062864,0.837065,0.212010
1242,18,4,2,2,11,5,2.893852,17.506270,0.872257,0.098779
1243,18,4,3,2,6,4,3.312301,8.292832,0.853122,0.161861
1244,18,4,4,2,5,4,2.730043,-1.080403,0.835538,0.086247
1245,18,4,5,2,9,6,2.720146,1.461628,0.916432,0.282758
1246,18,5,1,2,7,4,3.635336,10.293606,0.797911,0.021728
1247,18,5,2,2,5,4,2.332842,2.514162,0.796695,0.048698
1248,18,5,3,2,5,5,3.042686,2.944764,0.859948,0.050304
1249,18,5,4,2,5,4,3.779134,-2.357202,0.786478,0.130595
1250,18,5,5,2,7,4,2.451033,0.831191,0.894772,0.131721
1251,18,1,1,3,7,4,1.808805,16.068800,0.777403,0.122761
1252,18,1,2,3,6,4,3.071650,11.866961,0.731403,0.111380
1253,18,1,3,3,7,4,2.405321,12.800677,0.763155,0.057884
1254,18,1,4,3,8,4,3.956380,-17.220995,0.861262,0.049660
1255,18,1,5,3,6,4,4.292693,-4.272947,0.827550,0.069406
1256,18,2,1,3,8,4,4.557855,16.363629,0.832920,0.078319
1257,18,2,2,3,7,4,3.446956,10.225390,0.850913,0.084302
1258,18,2,3,3,7,4,2.730747,14.583217,0.803802,0.098547
1259,18,2,4,3,5,4,6.112726,-1.099116,0.836557,0.090730
1260,18,2,5,3,6,4,4.684325,-3.751717,0.801348,0.059784
1261,18,3,1,3,9,4,2.689883,13.462298,0.848402,0.097291
1262,18,3,2,3,7,4,2.274061,12.509760,0.828419,0.085916
1263,18,3,3,3,6,4,3.287827,6.647092,0.849456,0.077066
1264,18,3,4,3,6,4,2.081111,-3.995630,0.895152,0.136543
1265,18,3,5,3,9,4,1.767097,-16.348060,0.823399,0.023817
1266,18,4,1,3,8,4,4.358086,18.065368,0.811001,0.093622
1267,18,4,2,3,7,4,3.894013,14.950660,0.813909,0.063645
1268,18,4,3,3,9,4,2.574301,17.195382,0.858173,0.084951
1269,18,4,4,3,6,4,3.560711,0.444540,0.704287,0.035402
1270,18,4,5,3,8,4,3.093044,-9.945164,0.834707,0.084370
1271,18,5,1,3,6,5,6.476438,9.057191,0.788235,0.023480
1272,18,5,2,3,6,4,1.970376,11.862993,0.763889,0.086597
1273,18,5,3,3,7,4,3.867825,14.394199,0.743304,0.147836
1274,18,5,4,3,6,4,4.920905,-4.219962,0.885969,0.058896
1275,18,5,5,3,7,4,4.625755,-8.988229,0.887387,0.111760
1276,19,1,1,1,5,4,4.215832,12.611954,0.807958,0.162167
1277,19,1,2,1,7,4,5.534464,18.156410,0.705228,0.164824
1278,19,1,3,1,11,5,3.822187,26.832219,0.735305,0.275153
1279,19,1,4,1,9,4,3.430730,21.984970,0.798607,0.204372
1280,19,1,5,1,13,5,4.197795,21.305934,0.819425,0.095168
1281,19,2,1,1,8,5,3.981801,17.934708,0.797756,0.380619
1282,19,2,2,1,7,4,4.303143,17.977525,0.656800,0.092031
1283,19,2,3,1,8,4,3.340381,22.487374,0.764327,0.173192
1284,19,2,4,1,6,4,3.953189,10.563562,0.665136,0.098557
1285,19,2,5,1,6,4,2.445220,-2.528487,0.773131,0.088467
1286,19,3,1,1,6,4,3.489315,12.286652,0.816933,0.561561
1287,19,3,2,1,10,4,4.449295,28.472639,0.824081,0.273819
1288,19,3,3,1,16,4,3.459443,28.089265,0.782096,0.631417
1289,19,3,4,1,8,4,3.838553,21.923654,0.817131,0.269282
1290,19,3,5,1,13,4,2.965856,27.862197,0.819850,0.304517
1291,19,4,1,1,19,4,3.477886,28.369698,0.761486,0.552488
1292,19,4,2,1,12,6,4.155710,19.917618,0.783068,0.272155
1293,19,4,3,1,16,4,3.220901,26.986008,0.764850,0.593278
1294,19,4,4,1,7,4,4.834514,14.625340,0.793904,0.135062
1295,19,4,5,1,8,5,4.662749,3.605178,0.911722,0.081671
1296,19,5,1,1,6,4,3.128323,12.397524,0.814758,0.117097
1297,19,5,2,1,6,4,4.866250,14.381642,0.723520,0.181308
1298,19,5,3,1,14,4,3.858736,30.014908,0.719851,0.432429
1299,19,5,4,1,9,4,2.790154,23.019170,0.755505,0.218538
1300,19,5,5,1,13,5,5.362396,16.515670,0.819797,0.067648
1301,19,1,1,2,7,6,3.603836,7.068568,0.833833,-0.029448
1302,19,1,2,2,6,5,3.658313,1.727252,0.910593,0.030466
1303,19,1,3,2,5,5,-0.000000,-0.027007,0.754848,-0.005663
1304,19,1,4,2,8,4,2.588073,-9.844671,0.712083,0.075553
1305,19,1,5,2,5,3,2.265428,-3.779723,0.835386,0.237290
1306,19,2,1,2,6,4,8.479649,-5.706673,0.834893,0.078301
1307,19,2,2,2,5,4,4.579880,-4.109029,0.901289,0.044889
1308,19,2,3,2,5,4,3.926126,2.844717,0.877587,0.015126
1309,19,2,4,2,5,4,0.591946,-2.762801,0.788949,0.020047
1310,19,2,5,2,5,4,4.619026,-2.572513,0.778413,0.057380
1311,19,3,1,2,7,4,2.049603,4.072457,0.820175,0.003713
1312,19,3,2,2,12,4,2.777883,16.868141,0.855931,0.104172
1313,19,3,3,2,5,4,1.912416,4.510751,0.740816,0.040932
1314,19,3,4,2,5,4,8.326641,-2.242409,0.773595,0.030058
1315,19,3,5,2,5,5,2.139463,-13.758268,0.855151,-0.005420
1316,19,4,1,2,6,4,3.387702,3.783193,0.856067,0.079415
1317,19,4,2,2,6,4,3.609882,7.791138,0.806272,0.156603
1318,19,4,3,2,6,5,1.626429,1.327553,0.791453,0.016151
1319,19,4,4,2,6,4,4.173852,-2.574621,0.888152,0.047204
1320,19,4,5,2,6,4,1.366926,-11.181676,0.835618,0.055696
1321,19,5,1,2,7,4,2.836025,11.613498,0.824391,0.024691
1322,19,5,2,2,6,4,3.494856,2.765500,0.902170,0.046054
1323,19,5,3,2,5,4,6.462171,-3.101414,0.752458,0.043799
1324,19,5,4,2,5,3,3.797433,-8.292757,0.826167,0.200847
1325,19,5,5,2,7,4,4.278926,-16.587307,0.846253,0.040480
1326,19,1,1,3,10,4,3.402335,30.111981,0.818251,0.137954
1327,19,1,2,3,7,4,4.298042,19.651755,0.866183,0.301086
1328,19,1,3,3,14,4,3.448424,20.703894,0.894550,0.214356
1329,19,1,4,3,15,6,3.933979,14.798938,0.856534,0.035104
1330,19,1,5,3,8,4,2.884382,-11.382275,0.853124,0.183961
1331,19,2,1,3,12,4,2.967091,27.476313,0.828972,0.455995
1332,19,2,2,3,6,4,3.366709,11.529004,0.794977,0.254662
1333,19,2,3,3,8,4,4.736637,19.685117,0.792184,0.093952
1334,19,2,4,3,7,4,4.528436,-12.677183,0.863413,0.051791
1335,19,2,5,3,5,4,1.114586,-3.816790,0.798902,0.038653
1336,19,3,1,3,13,7,2.490628,13.484267,0.839039,0.128698
1337,19,3,2,3,6,4,4.426984,12.400783,0.831724,0.213421
1338,19,3,3,3,9,4,3.233229,25.497523,0.862806,0.331834
1339,19,3,4,3,16,4,2.914301,23.752287,0.823149,0.320774
1340,19,3,5,3,10,4,6.046179,-5.989818,0.817872,0.140720
1341,19,4,1,3,14,6,2.269354,15.601114,0.840978,0.133793
1342,19,4,2,3,18,4,4.023082,29.448368,0.856708,0.284407
1343,19,4,3,3,13,4,3.028061,20.767442,0.865376,0.353658
1344,19,4,4,3,13,4,3.378866,29.404031,0.806400,0.198067
1345,19,4,5,3,10,4,4.354555,-16.847741,0.830278,0.078114
1346,19,5,1,3,8,4,2.820877,22.508188,0.837954,0.263941
1347,19,5,2,3,15,4,3.514731,26.781342,0.860958,0.385187
1348,19,5,3,3,8,4,3.337030,19.887659,0.891604,0.293826
1349,19,5,4,3,16,4,3.541991,29.325481,0.824504,0.372516
1350,19,5,5,3,8,4,4.671793,8.655876,0.878691,0.240131
1351,20,1,1,1,6,7,1.803023,7.286223,0.712093,0.117565
1352,20,1,2,1,11,5,3.203200,31.229872,0.762938,0.365025
1353,20,1,3,1,11,4,3.367601,26.094623,0.819708,0.592584
1354,20,1,4,1,7,5,3.148170,13.726356,0.825878,0.143708
1355,20,1,5,1,9,10,2.601143,12.299336,0.828412,0.125678
1356,20,2,1,1,17,7,3.229315,26.156193,0.829104,0.320888
1357,20,2,2,1,12,6,3.423477,20.568192,0.850706,0.302121
1358,20,2,3,1,7,4,2.989086,16.503491,0.873563,0.420332
1359,20,2,4,1,14,6,3.300267,18.677371,0.849330,0.206205
1360,20,2,5,1,20,10,3.287511,9.289978,0.841485,0.362069
1361,20,3,1,1,12,5,2.680840,30.211633,0.762527,0.360545
1362,20,3,2,1,9,4,4.531780,28.689114,0.800470,0.361279
1363,20,3,3,1,17,5,3.388456,24.109993,0.818682,0.304666
1364,20,3,4,1,6,5,3.404720,9.474309,0.846696,0.386735
1365,20,3,5,1,14,10,3.370714,9.954568,0.830434,0.220290
1366,20,4,1,1,14,5,3.387443,28.287063,0.797838,0.265238
1367,20,4,2,1,19,5,3.297206,24.271337,0.811508,0.377927
1368,20,4,3,1,8,4,3.477090,21.092218,0.834480,0.300111
1369,20,4,4,1,8,9,3.049264,9.873917,0.842337,0.114325
1370,20,4,5,1,8,10,2.390878,12.950403,0.822936,0.112143
1371,20,5,1,1,9,5,2.984458,26.519422,0.737492,0.266266
1372,20,5,2,1,17,5,3.421691,25.659328,0.770941,0.475537
1373,20,5,3,1,14,4,3.452322,27.978966,0.819884,0.483359
1374,20,5,4,1,15,10,3.065725,14.678686,0.795310,0.218958
1375,20,5,5,1,11,10,2.808958,20.103860,0.822775,0.172293
1376,20,1,1,2,9,8,1.716929,20.773592,0.826547,-0.024070
1377,20,1,2,2,10,4,2.086459,29.706805,0.824251,0.243430
1378,20,1,3,2,8,4,2.525162,12.150392,0.839484,0.120022
1379,20,1,4,2,11,4,4.460937,12.191756,0.874683,0.184592
1380,20,1,5,2,8,4,3.301994,3.098153,0.888075,0.162596
1381,20,2,1,2,10,10,2.022893,9.022835,0.808310,0.088133
1382,20,2,2,2,11,7,3.165942,14.631933,0.819917,0.195827
1383,20,2,3,2,6,5,3.482444,6.338014,0.820153,0.205084
1384,20,2,4,2,10,4,3.574396,17.902598,0.820793,0.243953
1385,20,2,5,2,5,4,3.734651,-3.000678,0.864908,0.113361
1386,20,3,1,2,7,4,4.344881,16.488226,0.803625,0.256258
1387,20,3,2,2,6,5,1.934587,7.574968,0.848636,0.024119
1388,20,3,3,2,6,4,3.800120,6.266426,0.709569,0.059198
1389,20,3,4,2,6,4,2.176978,-2.759896,0.836808,0.060685
1390,20,3,5,2,12,3,3.135697,-7.673163,0.875261,0.377244
1391,20,4,1,2,11,10,2.795444,24.624663,0.835215,0.011077
1392,20,4,2,2,6,4,10.571048,7.373051,0.818779,0.059210
1393,20,4,3,2,6,4,3.545513,6.020502,0.867703,0.062000
1394,20,4,4,2,7,4,3.514783,8.613275,0.890088,0.158757
1395,20,4,5,2,8,3,2.126102,11.283581,0.884092,0.220765
1396,20,5,1,2,8,10,-0.000000,16.195156,0.807469,-0.034640
1397,20,5,2,2,7,4,2.136869,14.912460,0.805188,0.103092
1398,20,5,3,2,7,4,3.706958,5.750802,0.855312,0.082962
1399,20,5,4,2,6,5,3.480328,1.309333,0.861882,0.138568
1400,20,5,5,2,17,3,1.950653,27.072892,0.877399,0.382099
1401,20,1,1,3,17,10,2.048357,21.815987,0.848104,-0.042716
1402,20,1,2,3,11,5,3.156913,26.509045,0.799617,0.056236
1403,20,1,3,3,6,4,2.662491,10.446332,0.830966,0.103611
1404,20,1,4,3,11,4,3.529299,16.253182,0.829039,0.147721
1405,20,1,5,3,15,5,4.104570,-0.320576,0.911267,0.003187
1406,20,2,1,3,12,4,2.535440,23.522874,0.788220,0.326060
1407,20,2,2,3,4,4,2.775543,12.236383,0.821192,0.088132
1408,20,2,3,3,5,4,1.650026,6.008883,0.687424,0.046274
1409,20,2,4,3,5,4,3.470293,-1.356732,0.810637,0.077462
1410,20,2,5,3,6,4,4.506932,-8.133036,0.842467,0.124480
1411,20,3,1,3,8,4,3.944022,18.960688,0.842514,0.069280
1412,20,3,2,3,6,4,5.851976,8.836212,0.745530,0.072377
1413,20,3,3,3,5,4,2.600539,3.680585,0.760410,0.040725
1414,20,3,4,3,6,4,3.826291,-3.635466,0.849481,0.044843
1415,20,3,5,3,6,4,3.352433,-2.399381,0.826961,0.118119
1416,20,4,1,3,7,4,2.358427,8.326557,0.821701,0.092367
1417,20,4,2,3,9,4,2.381812,12.022153,0.854970,0.075132
1418,20,4,3,3,10,4,2.420299,20.404051,0.844550,0.124761
1419,20,4,4,3,8,4,3.144349,4.124672,0.892078,0.109616
1420,20,4,5,3,9,4,2.947035,5.576238,0.919275,0.214022
1421,20,5,1,3,11,4,3.294279,28.138005,0.833940,0.361426
1422,20,5,2,3,6,5,-0.000000,7.630712,0.790169,0.020760
1423,20,5,3,3,8,5,5.763339,19.834948,0.845889,0.040322
1424,20,5,4,3,7,4,2.365942,13.335714,0.877656,0.309273
1425,20,5,5,3,18,9,1.018631,27.029756,0.865143,-0.053512
1426,21,1,1,1,8,5,4.016217,22.971080,0.753070,0.186817
1427,21,1,2,1,8,4,4.679196,23.081965,0.808869,0.182718
1428,21,1,3,1,6,4,3.611749,13.414843,0.808857,0.170381
1429,21,1,4,1,7,4,5.024141,14.141604,0.744798,0.133529
1430,21,1,5,1,7,4,2.719586,6.818446,0.801296,0.099617
1431,21,2,1,1,6,4,3.677331,12.912681,0.759431,0.161314
1432,21,2,2,1,6,4,5.491792,12.643686,0.761990,0.151008
1433,21,2,3,1,6,4,4.678293,11.850117,0.731457,0.139555
1434,21,2,4,1,6,4,4.871015,8.024596,0.729589,0.069658
1435,21,2,5,1,6,4,4.614511,-2.230665,0.804451,0.111135
1436,21,3,1,1,15,6,3.643796,18.928604,0.801655,0.393729
1437,21,3,2,1,14,4,5.460086,30.147496,0.852361,0.109102
1438,21,3,3,1,7,4,3.039651,17.832673,0.767153,0.113810
1439,21,3,4,1,9,5,3.921832,21.790930,0.827658,0.031339
1440,21,3,5,1,6,4,4.790723,4.621409,0.714508,0.138746
1441,21,4,1,1,6,4,2.981913,10.751803,0.814487,0.158358
1442,21,4,2,1,6,4,4.377274,12.681703,0.748975,0.126040
1443,21,4,3,1,7,4,2.677585,15.959329,0.828904,0.140178
1444,21,4,4,1,7,4,5.251966,15.144253,0.772659,0.088385
1445,21,4,5,1,7,4,2.832773,6.293457,0.769651,0.109059
1446,21,5,1,1,7,4,3.318167,18.931431,0.766737,0.256052
1447,21,5,2,1,10,4,3.147982,29.352044,0.763415,0.113644
1448,21,5,3,1,10,5,2.652055,23.309894,0.803007,0.034248
1449,21,5,4,1,8,4,3.029979,19.431897,0.777455,0.160323
1450,21,5,5,1,8,5,5.639649,12.260493,0.794224,0.035625
1451,21,1,1,2,11,10,0.672458,1.399437,0.811802,0.147402
1452,21,1,2,2,13,10,1.955673,6.774054,0.813548,0.143125
1453,21,1,3,2,14,10,1.213746,16.710930,0.807439,0.314291
1454,21,1,4,2,9,10,0.445000,12.989832,0.845202,0.136930
1455,21,1,5,2,5,10,0.235493,15.480835,0.867040,0.054120
1456,21,2,1,2,12,10,1.053653,12.551061,0.846864,0.145185
1457,21,2,2,2,5,10,0.752413,7.354355,0.832076,0.067719
1458,21,2,3,2,9,10,0.875870,1.672339,0.864004,0.140448
1459,21,2,4,2,7,10,1.134694,5.808092,0.874312,0.098379
1460,21,2,5,2,14,5,1.827621,7.484237,0.882412,0.184977
1461,21,3,1,2,12,10,1.520138,7.161902,0.881958,0.014337
1462,21,3,2,2,8,10,0.171001,3.879671,0.870959,0.111928
1463,21,3,3,2,13,10,1.312599,12.003493,0.853982,0.296216
1464,21,3,4,2,12,10,1.516646,5.868324,0.840811,0.266871
1465,21,3,5,2,11,10,0.968451,11.032021,0.831016,0.213368
1466,21,4,1,2,7,10,0.244365,9.109734,0.801826,0.112695
1467,21,4,2,2,11,10,1.052007,5.444629,0.796081,0.170982
1468,21,4,3,2,18,10,1.118063,-2.010871,0.802523,-0.301893
1469,21,4,4,2,11,10,0.785966,-5.631634,0.814033,0.173950
1470,21,4,5,2,16,10,1.252314,11.602649,0.817407,-0.115036
1471,21,5,1,2,17,10,6.623573,5.457164,0.790640,-0.253505
1472,21,5,2,2,17,10,1.144072,19.042329,0.786811,-0.251545
1473,21,5,3,2,12,10,1.440154,9.862134,0.786094,0.115472
1474,21,5,4,2,16,10,1.977009,14.381676,0.786500,-0.044573
1475,21,5,5,2,17,10,0.969262,15.010976,0.773768,-0.227535
1476,21,1,1,3,11,2,1.367711,34.541841,0.767170,0.985908
1477,21,1,2,3,10,2,1.480405,27.338328,0.770447,0.926515
1478,21,1,3,3,10,2,1.314463,22.043674,0.768886,0.891226
1479,21,1,4,3,10,2,1.127429,20.786553,0.766035,0.687834
1480,21,1,5,3,10,2,0.988980,11.244592,0.761839,0.630816
1481,21,2,1,3,8,3,2.955026,2.970802,0.793411,0.188329
1482,21,2,2,3,8,3,5.501612,-13.428907,0.773991,0.043103
1483,21,2,3,3,5,3,1.464989,-2.750909,0.777831,-0.005214
1484,21,2,4,3,6,4,1.543870,0.110306,0.799263,0.041557
1485,21,2,5,3,4,3,2.621768,-6.780036,0.794148,0.055348
1486,21,3,1,3,9,2,0.986857,21.582228,0.733992,0.701818
1487,21,3,2,3,13,2,1.916983,21.725178,0.780707,0.404662
1488,21,3,3,3,13,2,1.831011,31.734551,0.772607,0.631945
1489,21,3,4,3,6,3,2.072419,8.628382,0.668272,0.254302
1490,21,3,5,3,7,3,1.523351,14.723455,0.717332,0.392484
1491,21,4,1,3,10,2,1.690846,26.881217,0.743980,1.090888
1492,21,4,2,3,13,2,1.434898,25.619893,0.737147,0.767203
1493,21,4,3,3,10,2,1.479031,21.624026,0.776145,0.852741
1494,21,4,4,3,10,2,1.330731,20.935936,0.762291,0.899125
1495,21,4,5,3,10,2,1.200410,19.381696,0.760940,0.780808
1496,21,5,1,3,6,4,1.543773,20.563842,0.779687,0.210385
1497,21,5,2,3,13,2,1.335793,27.173454,0.736988,0.839109
1498,21,5,3,3,10,2,1.524606,31.584658,0.763090,1.108534
1499,21,5,4,3,9,2,1.190699,14.616088,0.752844,1.097871
1500,21,5,5,3,10,2,1.003018,21.464531,0.766130,0.960768
